2026-01-27 10:39:37.834967: ReqId=-1, Code=2104, Msg=Market data farm connection is OK:hfarm
2026-01-27 10:39:37.835968: ReqId=-1, Code=2104, Msg=Market data farm connection is OK:usfarm.nj
2026-01-27 10:39:37.835968: ReqId=-1, Code=2104, Msg=Market data farm connection is OK:afarm
2026-01-27 10:39:37.836970: ReqId=-1, Code=2104, Msg=Market data farm connection is OK:usopt.nj
2026-01-27 10:39:37.836970: ReqId=-1, Code=2104, Msg=Market data farm connection is OK:cashfarm
2026-01-27 10:39:37.836970: ReqId=-1, Code=2104, Msg=Market data farm connection is OK:usfarm
2026-01-27 10:39:37.836970: ReqId=-1, Code=2106, Msg=HMDS data farm connection is OK:fundfarm
2026-01-27 10:39:37.837966: ReqId=-1, Code=2106, Msg=HMDS data farm connection is OK:ushmds
2026-01-27 10:39:37.837966: ReqId=-1, Code=2158, Msg=Sec-def data farm connection is OK:secdefnj
2026-01-27 10:39:39.948131: ReqId=2007, Code=2176, Msg=Warning: Your API version does not support fractional share size rules. Please upgrade to a minimum version 163. Trimmed value 7.44 to 7
2026-01-27 10:39:40.337434: ReqId=2009, Code=2176, Msg=Warning: Your API version does not support fractional share size rules. Please upgrade to a minimum version 163. Trimmed value 30.34 to 30
2026-01-27 10:39:40.551565: ReqId=2011, Code=2176, Msg=Warning: Your API version does not support fractional share size rules. Please upgrade to a minimum version 163. Trimmed value 1.15 to 1
2026-01-27 10:39:40.952713: ReqId=2013, Code=2176, Msg=Warning: Your API version does not support fractional share size rules. Please upgrade to a minimum version 163. Trimmed value 5.12 to 5
2026-01-27 10:39:41.020601: ReqId=2015, Code=2176, Msg=Warning: Your API version does not support fractional share size rules. Please upgrade to a minimum version 163. Trimmed value 7.14 to 7
2026-01-27 10:39:41.232650: ReqId=2017, Code=2176, Msg=Warning: Your API version does not support fractional share size rules. Please upgrade to a minimum version 163. Trimmed value 4.71 to 4
2026-01-27 10:40:54.392992: ReqId=-1, Code=2104, Msg=Market data farm connection is OK:hfarm
2026-01-27 10:40:54.392992: ReqId=-1, Code=2104, Msg=Market data farm connection is OK:usfarm.nj
2026-01-27 10:40:54.392992: ReqId=-1, Code=2104, Msg=Market data farm connection is OK:afarm
2026-01-27 10:40:54.395993: ReqId=-1, Code=2104, Msg=Market data farm connection is OK:usopt.nj
2026-01-27 10:40:54.396991: ReqId=-1, Code=2104, Msg=Market data farm connection is OK:cashfarm
2026-01-27 10:40:54.396991: ReqId=-1, Code=2104, Msg=Market data farm connection is OK:usfarm
2026-01-27 10:40:54.396991: ReqId=-1, Code=2106, Msg=HMDS data farm connection is OK:fundfarm
2026-01-27 10:40:54.396991: ReqId=-1, Code=2106, Msg=HMDS data farm connection is OK:ushmds
2026-01-27 10:40:54.396991: ReqId=-1, Code=2158, Msg=Sec-def data farm connection is OK:secdefnj
2026-01-27 10:40:59.738539: ReqId=2007, Code=2176, Msg=Warning: Your API version does not support fractional share size rules. Please upgrade to a minimum version 163. Trimmed value 10.36 to 10
2026-01-27 10:40:59.890410: ReqId=2009, Code=2176, Msg=Warning: Your API version does not support fractional share size rules. Please upgrade to a minimum version 163. Trimmed value 680.52 to 680
2026-01-27 10:40:59.929528: ReqId=2011, Code=2176, Msg=Warning: Your API version does not support fractional share size rules. Please upgrade to a minimum version 163. Trimmed value 3.27 to 3
2026-01-27 10:41:00.031518: ReqId=2012, Code=2176, Msg=Warning: Your API version does not support fractional share size rules. Please upgrade to a minimum version 163. Trimmed value 2768.82 to 2768
2026-01-27 10:41:00.112082: ReqId=2015, Code=2176, Msg=Warning: Your API version does not support fractional share size rules. Please upgrade to a minimum version 163. Trimmed value 1336.71 to 1336
2026-01-27 10:41:00.330657: ReqId=2017, Code=2176, Msg=Warning: Your API version does not support fractional share size rules. Please upgrade to a minimum version 163. Trimmed value 457.1 to 457
2026-01-27 10:42:24.511623: ReqId=365, Code=10349, Msg=Order TIF was set to GTC based on order preset.
2026-01-27 10:42:24.512624: ReqId=364, Code=2109, Msg=Order Event Warning:Attribute 'Outside Regular Trading Hours' is ignored based on the order type and destination. PlaceOrder is now being processed.
2026-01-27 10:42:24.566182: ReqId=366, Code=10349, Msg=Order TIF was set to GTC based on order preset.
2026-01-27 10:42:24.569182: ReqId=366, Code=2109, Msg=Order Event Warning:Attribute 'Outside Regular Trading Hours' is ignored based on the order type and destination. PlaceOrder is now being processed.
2026-01-27 10:43:06.257406: ReqId=-1, Code=2104, Msg=Market data farm connection is OK:eufarm
2026-01-27 10:43:33.116440: ReqId=365, Code=202, Msg=Order Canceled - reason:
2026-01-27 10:44:23.645409: ReqId=-1, Code=2104, Msg=Market data farm connection is OK:hfarm
2026-01-27 10:44:23.646407: ReqId=-1, Code=2104, Msg=Market data farm connection is OK:usfarm.nj
2026-01-27 10:44:23.646407: ReqId=-1, Code=2104, Msg=Market data farm connection is OK:eufarm
2026-01-27 10:44:23.647410: ReqId=-1, Code=2104, Msg=Market data farm connection is OK:afarm
2026-01-27 10:44:23.647410: ReqId=-1, Code=2104, Msg=Market data farm connection is OK:usopt.nj
2026-01-27 10:44:23.647410: ReqId=-1, Code=2104, Msg=Market data farm connection is OK:cashfarm
2026-01-27 10:44:23.648412: ReqId=-1, Code=2104, Msg=Market data farm connection is OK:usfarm
2026-01-27 10:44:23.648412: ReqId=-1, Code=2106, Msg=HMDS data farm connection is OK:fundfarm
2026-01-27 10:44:23.648412: ReqId=-1, Code=2106, Msg=HMDS data farm connection is OK:ushmds
2026-01-27 10:44:23.649414: ReqId=-1, Code=2158, Msg=Sec-def data farm connection is OK:secdefnj
2026-01-27 10:44:26.533806: ReqId=2007, Code=2176, Msg=Warning: Your API version does not support fractional share size rules. Please upgrade to a minimum version 163. Trimmed value 10.36 to 10
2026-01-27 10:44:26.920040: ReqId=2009, Code=2176, Msg=Warning: Your API version does not support fractional share size rules. Please upgrade to a minimum version 163. Trimmed value 2768.82 to 2768
2026-01-27 10:44:27.188351: ReqId=2011, Code=2176, Msg=Warning: Your API version does not support fractional share size rules. Please upgrade to a minimum version 163. Trimmed value 457.1 to 457
2026-01-27 10:44:27.417962: ReqId=2013, Code=2176, Msg=Warning: Your API version does not support fractional share size rules. Please upgrade to a minimum version 163. Trimmed value 1336.71 to 1336
2026-01-27 10:44:27.472800: ReqId=2015, Code=2176, Msg=Warning: Your API version does not support fractional share size rules. Please upgrade to a minimum version 163. Trimmed value 680.52 to 680
2026-01-27 10:44:27.598542: ReqId=2017, Code=2176, Msg=Warning: Your API version does not support fractional share size rules. Please upgrade to a minimum version 163. Trimmed value 3.27 to 3
2026-01-27 10:46:19.736136: ReqId=367, Code=2109, Msg=Order Event Warning:Attribute 'Outside Regular Trading Hours' is ignored based on the order type and destination. PlaceOrder is now being processed.
2026-01-27 10:46:19.823154: ReqId=-1, Code=2108, Msg=Market data farm connection is inactive but should be available upon demand.hfarm
2026-01-27 10:46:19.826153: ReqId=-1, Code=2108, Msg=Market data farm connection is inactive but should be available upon demand.afarm
2026-01-27 10:46:19.828157: ReqId=368, Code=10349, Msg=Order TIF was set to GTC based on order preset.
2026-01-27 10:46:19.831154: ReqId=-1, Code=2108, Msg=Market data farm connection is inactive but should be available upon demand.hfarm
2026-01-27 10:46:19.831154: ReqId=-1, Code=2108, Msg=Market data farm connection is inactive but should be available upon demand.afarm
2026-01-27 10:46:19.923265: ReqId=369, Code=10349, Msg=Order TIF was set to GTC based on order preset.
2026-01-27 10:46:19.924263: ReqId=369, Code=2109, Msg=Order Event Warning:Attribute 'Outside Regular Trading Hours' is ignored based on the order type and destination. PlaceOrder is now being processed.
2026-01-27 10:48:23.319518: ReqId=368, Code=202, Msg=Order Canceled - reason:
2026-01-27 10:48:33.316747: ReqId=-1, Code=2104, Msg=Market data farm connection is OK:afarm
2026-01-27 10:48:33.520114: ReqId=-1, Code=2104, Msg=Market data farm connection is OK:hfarm
2026-01-27 10:52:26.385576: ReqId=-1, Code=2108, Msg=Market data farm connection is inactive but should be available upon demand.eufarm
2026-01-27 10:52:26.388554: ReqId=-1, Code=2108, Msg=Market data farm connection is inactive but should be available upon demand.eufarm
2026-01-27 10:52:26.392570: ReqId=-1, Code=2108, Msg=Market data farm connection is inactive but should be available upon demand.usopt.nj
2026-01-27 10:52:26.399109: ReqId=-1, Code=2108, Msg=Market data farm connection is inactive but should be available upon demand.usopt.nj
2026-01-27 10:54:04.102315: ReqId=370, Code=2109, Msg=Order Event Warning:Attribute 'Outside Regular Trading Hours' is ignored based on the order type and destination. PlaceOrder is now being processed.
2026-01-27 10:54:04.196426: ReqId=371, Code=10349, Msg=Order TIF was set to GTC based on order preset.
2026-01-27 10:54:04.295512: ReqId=372, Code=10349, Msg=Order TIF was set to GTC based on order preset.
2026-01-27 10:54:04.296513: ReqId=372, Code=2109, Msg=Order Event Warning:Attribute 'Outside Regular Trading Hours' is ignored based on the order type and destination. PlaceOrder is now being processed.
2026-01-27 10:54:04.812549: ReqId=370, Code=2161, Msg=BUY 828 SAFX NASDAQ.SCM  In accordance with our regulatory obligations as a broker, we will initially cap (or limit) the price of your Limit Order to 0.2424 or a more aggressive price still within your specified limit price.  If your order is not immediately executable, our systems may, depending on market conditions, cap your order to a limit price that is no more than the allowed amount away from the reference price at that time. If this happens, you will not receive a fill. This is a control designed to ensure that we comply with our regulatory obligations to avoid submitting disruptive orders to the marketplace. Please note that in some circumstances this may result in you receiving a less favorable fill or not receiving a fill.  In the future, please submit your order using a limit price that is closer to the current market price or submit an algorithmic Market Order (IBALGO).  If you would like to cancel your order, please use cancel order action.
2026-01-27 10:54:05.418443: ReqId=370, Code=399, Msg=Order Message: BUY 828 SAFX NASDAQ.SCM Warning: Your order was repriced so as not to cross a related resting order.
2026-01-27 10:55:00.189084: ReqId=-1, Code=2104, Msg=Market data farm connection is OK:usopt.nj
2026-01-27 10:55:01.265244: ReqId=-1, Code=2104, Msg=Market data farm connection is OK:eufarm
2026-01-27 10:56:00.556111: ReqId=371, Code=202, Msg=Order Canceled - reason:
2026-01-27 10:58:26.403789: ReqId=-1, Code=2108, Msg=Market data farm connection is inactive but should be available upon demand.hfarm
2026-01-27 10:58:26.406776: ReqId=-1, Code=2108, Msg=Market data farm connection is inactive but should be available upon demand.hfarm
2026-01-27 10:58:26.410787: ReqId=-1, Code=2108, Msg=Market data farm connection is inactive but should be available upon demand.afarm
2026-01-27 10:58:26.412780: ReqId=-1, Code=2108, Msg=Market data farm connection is inactive but should be available upon demand.afarm
2026-01-27 10:58:26.414777: ReqId=-1, Code=2108, Msg=Market data farm connection is inactive but should be available upon demand.usopt.nj
2026-01-27 10:58:26.415777: ReqId=-1, Code=2108, Msg=Market data farm connection is inactive but should be available upon demand.usopt.nj
2026-01-27 11:13:37.134621: ReqId=373, Code=2109, Msg=Order Event Warning:Attribute 'Outside Regular Trading Hours' is ignored based on the order type and destination. PlaceOrder is now being processed.
2026-01-27 11:13:37.199649: ReqId=374, Code=10349, Msg=Order TIF was set to GTC based on order preset.
2026-01-27 11:13:37.302167: ReqId=375, Code=10349, Msg=Order TIF was set to GTC based on order preset.
2026-01-27 11:13:37.303175: ReqId=375, Code=2109, Msg=Order Event Warning:Attribute 'Outside Regular Trading Hours' is ignored based on the order type and destination. PlaceOrder is now being processed.
2026-01-27 11:13:37.376183: ReqId=373, Code=201, Msg=Order rejected - reason:No Trading Permission, Customer Ineligible; Ineligibility reasons:  Margin concern/risk management: For risk management purposes, this product is in closing-only status. You may close existing positions but not open new ones.
2026-01-27 11:13:37.473634: ReqId=374, Code=201, Msg=Order rejected - reason:No Trading Permission, Customer Ineligible; Ineligibility reasons:  Margin concern/risk management: For risk management purposes, this product is in closing-only status. You may close existing positions but not open new ones.
2026-01-27 11:13:37.475633: ReqId=375, Code=201, Msg=Order rejected - reason:No Trading Permission, Customer Ineligible; Ineligibility reasons:  Margin concern/risk management: For risk management purposes, this product is in closing-only status. You may close existing positions but not open new ones.
2026-01-27 11:54:29.463289: ReqId=376, Code=2109, Msg=Order Event Warning:Attribute 'Outside Regular Trading Hours' is ignored based on the order type and destination. PlaceOrder is now being processed.
2026-01-27 11:54:29.556823: ReqId=377, Code=10349, Msg=Order TIF was set to GTC based on order preset.
2026-01-27 11:54:29.656016: ReqId=378, Code=10349, Msg=Order TIF was set to GTC based on order preset.
2026-01-27 11:54:29.661023: ReqId=378, Code=2109, Msg=Order Event Warning:Attribute 'Outside Regular Trading Hours' is ignored based on the order type and destination. PlaceOrder is now being processed.
2026-01-27 11:54:29.910904: ReqId=376, Code=201, Msg=Order rejected - reason:No Trading Permission, Customer Ineligible; Ineligibility reasons:  No Opening Trades: Small Cap, Subject to Compliance Restriction
2026-01-27 11:54:29.914904: ReqId=377, Code=201, Msg=Order rejected - reason:No Trading Permission, Customer Ineligible; Ineligibility reasons:  No Opening Trades: Small Cap, Subject to Compliance Restriction
2026-01-27 11:54:29.919904: ReqId=378, Code=201, Msg=Order rejected - reason:No Trading Permission, Customer Ineligible; Ineligibility reasons:  No Opening Trades: Small Cap, Subject to Compliance Restriction
2026-01-27 12:11:28.971147: ReqId=379, Code=2109, Msg=Order Event Warning:Attribute 'Outside Regular Trading Hours' is ignored based on the order type and destination. PlaceOrder is now being processed.
2026-01-27 12:11:29.070280: ReqId=380, Code=10349, Msg=Order TIF was set to GTC based on order preset.
2026-01-27 12:11:29.173309: ReqId=381, Code=10349, Msg=Order TIF was set to GTC based on order preset.
2026-01-27 12:11:29.176308: ReqId=381, Code=2109, Msg=Order Event Warning:Attribute 'Outside Regular Trading Hours' is ignored based on the order type and destination. PlaceOrder is now being processed.
2026-01-27 12:11:29.308487: ReqId=379, Code=201, Msg=Order rejected - reason:No Trading Permission, Customer Ineligible; Ineligibility reasons:  No Opening Trades: Small Cap, Subject to Compliance Restriction
2026-01-27 12:11:29.312485: ReqId=380, Code=201, Msg=Order rejected - reason:No Trading Permission, Customer Ineligible; Ineligibility reasons:  No Opening Trades: Small Cap, Subject to Compliance Restriction
2026-01-27 12:11:29.321486: ReqId=381, Code=201, Msg=Order rejected - reason:No Trading Permission, Customer Ineligible; Ineligibility reasons:  No Opening Trades: Small Cap, Subject to Compliance Restriction
2026-01-27 12:13:20.112560: ReqId=383, Code=10349, Msg=Order TIF was set to GTC based on order preset.
2026-01-27 12:13:20.119560: ReqId=382, Code=2109, Msg=Order Event Warning:Attribute 'Outside Regular Trading Hours' is ignored based on the order type and destination. PlaceOrder is now being processed.
2026-01-27 12:13:20.195485: ReqId=384, Code=10349, Msg=Order TIF was set to GTC based on order preset.
2026-01-27 12:13:20.196487: ReqId=384, Code=2109, Msg=Order Event Warning:Attribute 'Outside Regular Trading Hours' is ignored based on the order type and destination. PlaceOrder is now being processed.
2026-01-27 12:13:20.363057: ReqId=382, Code=201, Msg=Order rejected - reason:No Trading Permission, Customer Ineligible; Ineligibility reasons:  No Opening Trades: Small Cap, Subject to Compliance Restriction
2026-01-27 12:13:20.366563: ReqId=383, Code=201, Msg=Order rejected - reason:No Trading Permission, Customer Ineligible; Ineligibility reasons:  No Opening Trades: Small Cap, Subject to Compliance Restriction
2026-01-27 12:13:20.376564: ReqId=384, Code=201, Msg=Order rejected - reason:No Trading Permission, Customer Ineligible; Ineligibility reasons:  No Opening Trades: Small Cap, Subject to Compliance Restriction
2026-01-27 12:57:38.012532: ReqId=385, Code=2109, Msg=Order Event Warning:Attribute 'Outside Regular Trading Hours' is ignored based on the order type and destination. PlaceOrder is now being processed.
2026-01-27 12:57:38.109214: ReqId=386, Code=10349, Msg=Order TIF was set to GTC based on order preset.
2026-01-27 12:57:38.205177: ReqId=387, Code=10349, Msg=Order TIF was set to GTC based on order preset.
2026-01-27 12:57:38.206178: ReqId=387, Code=2109, Msg=Order Event Warning:Attribute 'Outside Regular Trading Hours' is ignored based on the order type and destination. PlaceOrder is now being processed.
2026-01-27 12:57:38.259378: ReqId=385, Code=201, Msg=Order rejected - reason:No Trading Permission, Customer Ineligible; Ineligibility reasons:  No Opening Trades: Small Cap, Subject to Compliance Restriction
2026-01-27 12:57:38.264379: ReqId=386, Code=201, Msg=Order rejected - reason:No Trading Permission, Customer Ineligible; Ineligibility reasons:  No Opening Trades: Small Cap, Subject to Compliance Restriction
2026-01-27 12:57:38.269378: ReqId=387, Code=201, Msg=Order rejected - reason:No Trading Permission, Customer Ineligible; Ineligibility reasons:  No Opening Trades: Small Cap, Subject to Compliance Restriction
2026-01-27 13:32:14.848003: ReqId=-1, Code=2103, Msg=Market data farm connection is broken:cashfarm
2026-01-27 13:32:14.873511: ReqId=-1, Code=2105, Msg=HMDS data farm connection is broken:ushmds
2026-01-27 13:32:14.884019: ReqId=-1, Code=2103, Msg=Market data farm connection is broken:usfarm.nj
2026-01-27 13:32:14.895018: ReqId=-1, Code=2103, Msg=Market data farm connection is broken:usfarm
2026-01-27 13:32:14.908530: ReqId=-1, Code=2105, Msg=HMDS data farm connection is broken:fundfarm
2026-01-27 13:32:14.913530: ReqId=-1, Code=2103, Msg=Market data farm connection is broken:eufarm
2026-01-27 13:32:15.127868: ReqId=-1, Code=2106, Msg=HMDS data farm connection is OK:ushmds
2026-01-27 13:32:15.140871: ReqId=-1, Code=2106, Msg=HMDS data farm connection is OK:fundfarm
2026-01-27 13:32:15.470666: ReqId=-1, Code=2104, Msg=Market data farm connection is OK:cashfarm
2026-01-27 13:32:15.629520: ReqId=-1, Code=2104, Msg=Market data farm connection is OK:usfarm
2026-01-27 13:32:15.734170: ReqId=-1, Code=2104, Msg=Market data farm connection is OK:usfarm.nj
2026-01-27 13:32:16.095065: ReqId=-1, Code=2104, Msg=Market data farm connection is OK:eufarm
2026-01-27 13:32:20.570748: ReqId=2016, Code=10197, Msg=No market data during competing live session
2026-01-27 13:32:20.573742: ReqId=2008, Code=10197, Msg=No market data during competing live session
2026-01-27 13:32:20.577740: ReqId=2010, Code=10197, Msg=No market data during competing live session
2026-01-27 13:32:20.580744: ReqId=2006, Code=10197, Msg=No market data during competing live session
2026-01-27 13:32:20.583744: ReqId=2012, Code=10197, Msg=No market data during competing live session
2026-01-27 13:32:20.586746: ReqId=2014, Code=10197, Msg=No market data during competing live session
2026-01-27 13:32:50.484212: ReqId=2006, Code=10197, Msg=No market data during competing live session
2026-01-27 13:32:50.486217: ReqId=2008, Code=10197, Msg=No market data during competing live session
2026-01-27 13:32:50.489216: ReqId=2016, Code=10197, Msg=No market data during competing live session
2026-01-27 13:32:50.491220: ReqId=2010, Code=10197, Msg=No market data during competing live session
2026-01-27 13:32:50.494223: ReqId=2014, Code=10197, Msg=No market data during competing live session
2026-01-27 13:32:50.497222: ReqId=2012, Code=10197, Msg=No market data during competing live session
2026-01-27 13:39:11.146465: ReqId=388, Code=2109, Msg=Order Event Warning:Attribute 'Outside Regular Trading Hours' is ignored based on the order type and destination. PlaceOrder is now being processed.
2026-01-27 13:39:11.244425: ReqId=389, Code=10349, Msg=Order TIF was set to GTC based on order preset.
2026-01-27 13:39:11.342950: ReqId=390, Code=10349, Msg=Order TIF was set to GTC based on order preset.
2026-01-27 13:39:11.344950: ReqId=390, Code=2109, Msg=Order Event Warning:Attribute 'Outside Regular Trading Hours' is ignored based on the order type and destination. PlaceOrder is now being processed.
2026-01-27 13:41:23.329996: ReqId=390, Code=202, Msg=Order Canceled - reason:
2026-01-27 14:39:34.125369: ReqId=392, Code=10349, Msg=Order TIF was set to GTC based on order preset.
2026-01-27 14:39:34.129372: ReqId=391, Code=2109, Msg=Order Event Warning:Attribute 'Outside Regular Trading Hours' is ignored based on the order type and destination. PlaceOrder is now being processed.
2026-01-27 14:39:34.215732: ReqId=393, Code=10349, Msg=Order TIF was set to GTC based on order preset.
2026-01-27 14:39:34.216732: ReqId=393, Code=2109, Msg=Order Event Warning:Attribute 'Outside Regular Trading Hours' is ignored based on the order type and destination. PlaceOrder is now being processed.
2026-01-27 14:40:38.515135: ReqId=393, Code=202, Msg=Order Canceled - reason:
2026-01-27 15:07:02.244448: ReqId=-1, Code=2104, Msg=Market data farm connection is OK:usfarm.nj
2026-01-27 15:07:02.245447: ReqId=-1, Code=2104, Msg=Market data farm connection is OK:eufarm
2026-01-27 15:07:02.245897: ReqId=-1, Code=2104, Msg=Market data farm connection is OK:cashfarm
2026-01-27 15:07:02.246448: ReqId=-1, Code=2104, Msg=Market data farm connection is OK:usfarm
2026-01-27 15:07:02.246448: ReqId=-1, Code=2106, Msg=HMDS data farm connection is OK:fundfarm
2026-01-27 15:07:02.246448: ReqId=-1, Code=2106, Msg=HMDS data farm connection is OK:ushmds
2026-01-27 15:07:02.246448: ReqId=-1, Code=2158, Msg=Sec-def data farm connection is OK:secdefnj
2026-01-27 15:07:04.371191: ReqId=2007, Code=2176, Msg=Warning: Your API version does not support fractional share size rules. Please upgrade to a minimum version 163. Trimmed value 457.1 to 457
2026-01-27 15:07:04.665423: ReqId=2009, Code=2176, Msg=Warning: Your API version does not support fractional share size rules. Please upgrade to a minimum version 163. Trimmed value 3.27 to 3
2026-01-27 15:07:04.959210: ReqId=2011, Code=2176, Msg=Warning: Your API version does not support fractional share size rules. Please upgrade to a minimum version 163. Trimmed value 680.52 to 680
2026-01-27 15:07:05.268158: ReqId=2013, Code=2176, Msg=Warning: Your API version does not support fractional share size rules. Please upgrade to a minimum version 163. Trimmed value 2768.82 to 2768
2026-01-27 15:07:05.332188: ReqId=2015, Code=2176, Msg=Warning: Your API version does not support fractional share size rules. Please upgrade to a minimum version 163. Trimmed value 1336.71 to 1336
2026-01-27 15:07:05.464078: ReqId=2017, Code=2176, Msg=Warning: Your API version does not support fractional share size rules. Please upgrade to a minimum version 163. Trimmed value 10.36 to 10
2026-01-27 15:36:37.092935: ReqId=394, Code=2109, Msg=Order Event Warning:Attribute 'Outside Regular Trading Hours' is ignored based on the order type and destination. PlaceOrder is now being processed.
2026-01-27 15:36:37.192460: ReqId=395, Code=10349, Msg=Order TIF was set to GTC based on order preset.
2026-01-27 15:36:37.290156: ReqId=396, Code=10349, Msg=Order TIF was set to GTC based on order preset.
2026-01-27 15:36:37.293155: ReqId=396, Code=2109, Msg=Order Event Warning:Attribute 'Outside Regular Trading Hours' is ignored based on the order type and destination. PlaceOrder is now being processed.
2026-01-27 15:36:37.342307: ReqId=394, Code=201, Msg=Order rejected - reason:No Trading Permission, Customer Ineligible; Ineligibility reasons:  No Opening Trades: Small Cap, Subject to Compliance Restriction
2026-01-27 15:36:37.347305: ReqId=395, Code=201, Msg=Order rejected - reason:No Trading Permission, Customer Ineligible; Ineligibility reasons:  No Opening Trades: Small Cap, Subject to Compliance Restriction
2026-01-27 15:36:37.350305: ReqId=396, Code=201, Msg=Order rejected - reason:No Trading Permission, Customer Ineligible; Ineligibility reasons:  No Opening Trades: Small Cap, Subject to Compliance Restriction
2026-01-27 15:37:49.847421: ReqId=397, Code=2109, Msg=Order Event Warning:Attribute 'Outside Regular Trading Hours' is ignored based on the order type and destination. PlaceOrder is now being processed.
2026-01-27 15:37:49.935126: ReqId=398, Code=10349, Msg=Order TIF was set to GTC based on order preset.
2026-01-27 15:37:50.048602: ReqId=399, Code=10349, Msg=Order TIF was set to GTC based on order preset.
2026-01-27 15:37:50.055119: ReqId=399, Code=2109, Msg=Order Event Warning:Attribute 'Outside Regular Trading Hours' is ignored based on the order type and destination. PlaceOrder is now being processed.
2026-01-27 15:37:50.100132: ReqId=397, Code=201, Msg=Order rejected - reason:No Trading Permission, Customer Ineligible; Ineligibility reasons:  No Opening Trades: Small Cap, Subject to Compliance Restriction
2026-01-27 15:37:50.105641: ReqId=398, Code=201, Msg=Order rejected - reason:No Trading Permission, Customer Ineligible; Ineligibility reasons:  No Opening Trades: Small Cap, Subject to Compliance Restriction
2026-01-27 15:37:50.110641: ReqId=399, Code=201, Msg=Order rejected - reason:No Trading Permission, Customer Ineligible; Ineligibility reasons:  No Opening Trades: Small Cap, Subject to Compliance Restriction
2026-01-27 15:38:50.582286: ReqId=400, Code=2109, Msg=Order Event Warning:Attribute 'Outside Regular Trading Hours' is ignored based on the order type and destination. PlaceOrder is now being processed.
2026-01-27 15:38:50.681820: ReqId=401, Code=10349, Msg=Order TIF was set to GTC based on order preset.
2026-01-27 15:38:50.778800: ReqId=402, Code=10349, Msg=Order TIF was set to GTC based on order preset.
2026-01-27 15:38:50.779801: ReqId=402, Code=2109, Msg=Order Event Warning:Attribute 'Outside Regular Trading Hours' is ignored based on the order type and destination. PlaceOrder is now being processed.
2026-01-27 15:38:50.822207: ReqId=400, Code=201, Msg=Order rejected - reason:No Trading Permission, Customer Ineligible; Ineligibility reasons:  No Opening Trades: Small Cap, Subject to Compliance Restriction
2026-01-27 15:38:50.870246: ReqId=401, Code=201, Msg=Order rejected - reason:No Trading Permission, Customer Ineligible; Ineligibility reasons:  No Opening Trades: Small Cap, Subject to Compliance Restriction
2026-01-27 15:38:50.875178: ReqId=402, Code=201, Msg=Order rejected - reason:No Trading Permission, Customer Ineligible; Ineligibility reasons:  No Opening Trades: Small Cap, Subject to Compliance Restriction
2026-01-27 15:42:58.795547: ReqId=403, Code=2109, Msg=Order Event Warning:Attribute 'Outside Regular Trading Hours' is ignored based on the order type and destination. PlaceOrder is now being processed.
2026-01-27 15:42:58.887081: ReqId=404, Code=10349, Msg=Order TIF was set to GTC based on order preset.
2026-01-27 15:42:58.985620: ReqId=405, Code=10349, Msg=Order TIF was set to GTC based on order preset.
2026-01-27 15:42:58.986617: ReqId=405, Code=2109, Msg=Order Event Warning:Attribute 'Outside Regular Trading Hours' is ignored based on the order type and destination. PlaceOrder is now being processed.
2026-01-27 15:42:59.033666: ReqId=403, Code=201, Msg=Order rejected - reason:No Trading Permission, Customer Ineligible; Ineligibility reasons:  Margin concern/risk management: For risk management purposes, this product is in closing-only status. You may close existing positions but not open new ones.
2026-01-27 15:42:59.086203: ReqId=404, Code=201, Msg=Order rejected - reason:No Trading Permission, Customer Ineligible; Ineligibility reasons:  Margin concern/risk management: For risk management purposes, this product is in closing-only status. You may close existing positions but not open new ones.
2026-01-27 15:42:59.091201: ReqId=405, Code=201, Msg=Order rejected - reason:No Trading Permission, Customer Ineligible; Ineligibility reasons:  Margin concern/risk management: For risk management purposes, this product is in closing-only status. You may close existing positions but not open new ones.
2026-01-27 15:45:32.377199: ReqId=406, Code=2109, Msg=Order Event Warning:Attribute 'Outside Regular Trading Hours' is ignored based on the order type and destination. PlaceOrder is now being processed.
2026-01-27 15:45:32.473123: ReqId=407, Code=10349, Msg=Order TIF was set to GTC based on order preset.
2026-01-27 15:45:32.587808: ReqId=408, Code=10349, Msg=Order TIF was set to GTC based on order preset.
2026-01-27 15:45:32.602806: ReqId=408, Code=2109, Msg=Order Event Warning:Attribute 'Outside Regular Trading Hours' is ignored based on the order type and destination. PlaceOrder is now being processed.
2026-01-27 15:45:32.645191: ReqId=406, Code=201, Msg=Order rejected - reason:No Trading Permission, Customer Ineligible; Ineligibility reasons:  No Opening Trades: Small Cap, Subject to Compliance Restriction
2026-01-27 15:45:32.705410: ReqId=407, Code=201, Msg=Order rejected - reason:No Trading Permission, Customer Ineligible; Ineligibility reasons:  No Opening Trades: Small Cap, Subject to Compliance Restriction
2026-01-27 15:45:32.708410: ReqId=408, Code=201, Msg=Order rejected - reason:No Trading Permission, Customer Ineligible; Ineligibility reasons:  No Opening Trades: Small Cap, Subject to Compliance Restriction
2026-01-27 15:46:42.951676: ReqId=409, Code=2109, Msg=Order Event Warning:Attribute 'Outside Regular Trading Hours' is ignored based on the order type and destination. PlaceOrder is now being processed.
2026-01-27 15:46:43.043685: ReqId=410, Code=10349, Msg=Order TIF was set to GTC based on order preset.
2026-01-27 15:46:43.143436: ReqId=411, Code=10349, Msg=Order TIF was set to GTC based on order preset.
2026-01-27 15:46:43.145478: ReqId=411, Code=2109, Msg=Order Event Warning:Attribute 'Outside Regular Trading Hours' is ignored based on the order type and destination. PlaceOrder is now being processed.
2026-01-27 15:46:43.196038: ReqId=409, Code=201, Msg=Order rejected - reason:No Trading Permission, Customer Ineligible; Ineligibility reasons:  No Opening Trades: Small Cap, Subject to Compliance Restriction
2026-01-27 15:46:43.203037: ReqId=410, Code=201, Msg=Order rejected - reason:No Trading Permission, Customer Ineligible; Ineligibility reasons:  No Opening Trades: Small Cap, Subject to Compliance Restriction
2026-01-27 15:46:43.206036: ReqId=411, Code=201, Msg=Order rejected - reason:No Trading Permission, Customer Ineligible; Ineligibility reasons:  No Opening Trades: Small Cap, Subject to Compliance Restriction
2026-01-27 16:16:57.578962: ReqId=412, Code=2109, Msg=Order Event Warning:Attribute 'Outside Regular Trading Hours' is ignored based on the order type and destination. PlaceOrder is now being processed.
2026-01-27 16:16:57.667692: ReqId=413, Code=10349, Msg=Order TIF was set to GTC based on order preset.
2026-01-27 16:16:57.765580: ReqId=414, Code=10349, Msg=Order TIF was set to GTC based on order preset.
2026-01-27 16:16:57.767583: ReqId=414, Code=2109, Msg=Order Event Warning:Attribute 'Outside Regular Trading Hours' is ignored based on the order type and destination. PlaceOrder is now being processed.
2026-01-27 16:16:57.810094: ReqId=412, Code=399, Msg=Order Message: BUY 695 SAFX NASDAQ.SCM Warning: Your order will not be placed at the exchange until 2026-01-28 09:30:00 US/Eastern.
2026-01-27 16:27:42.354564: ReqId=415, Code=2109, Msg=Order Event Warning:Attribute 'Outside Regular Trading Hours' is ignored based on the order type and destination. PlaceOrder is now being processed.
2026-01-27 16:27:42.443585: ReqId=416, Code=10349, Msg=Order TIF was set to GTC based on order preset.
2026-01-27 16:27:42.543412: ReqId=417, Code=10349, Msg=Order TIF was set to GTC based on order preset.
2026-01-27 16:27:42.546412: ReqId=417, Code=2109, Msg=Order Event Warning:Attribute 'Outside Regular Trading Hours' is ignored based on the order type and destination. PlaceOrder is now being processed.
2026-01-27 16:27:42.589323: ReqId=415, Code=201, Msg=Order rejected - reason:No Trading Permission, Customer Ineligible; Ineligibility reasons:  Margin concern/risk management: For risk management purposes, this product is in closing-only status. You may close existing positions but not open new ones.
2026-01-27 16:27:42.646976: ReqId=416, Code=201, Msg=Order rejected - reason:No Trading Permission, Customer Ineligible; Ineligibility reasons:  Margin concern/risk management: For risk management purposes, this product is in closing-only status. You may close existing positions but not open new ones.
2026-01-27 16:27:42.655485: ReqId=417, Code=201, Msg=Order rejected - reason:No Trading Permission, Customer Ineligible; Ineligibility reasons:  Margin concern/risk management: For risk management purposes, this product is in closing-only status. You may close existing positions but not open new ones.
2026-01-27 16:29:18.570215: ReqId=418, Code=2109, Msg=Order Event Warning:Attribute 'Outside Regular Trading Hours' is ignored based on the order type and destination. PlaceOrder is now being processed.
2026-01-27 16:29:18.663748: ReqId=419, Code=10349, Msg=Order TIF was set to GTC based on order preset.
2026-01-27 16:29:18.772075: ReqId=420, Code=10349, Msg=Order TIF was set to GTC based on order preset.
2026-01-27 16:29:18.775073: ReqId=420, Code=2109, Msg=Order Event Warning:Attribute 'Outside Regular Trading Hours' is ignored based on the order type and destination. PlaceOrder is now being processed.
2026-01-27 16:29:18.814600: ReqId=418, Code=201, Msg=Order rejected - reason:No Trading Permission, Customer Ineligible; Ineligibility reasons:  Margin concern/risk management: For risk management purposes, this product is in closing-only status. You may close existing positions but not open new ones.
2026-01-27 16:29:18.871416: ReqId=419, Code=201, Msg=Order rejected - reason:No Trading Permission, Customer Ineligible; Ineligibility reasons:  Margin concern/risk management: For risk management purposes, this product is in closing-only status. You may close existing positions but not open new ones.
2026-01-27 16:29:18.876411: ReqId=420, Code=201, Msg=Order rejected - reason:No Trading Permission, Customer Ineligible; Ineligibility reasons:  Margin concern/risk management: For risk management purposes, this product is in closing-only status. You may close existing positions but not open new ones.
2026-01-27 16:30:55.296294: ReqId=421, Code=2109, Msg=Order Event Warning:Attribute 'Outside Regular Trading Hours' is ignored based on the order type and destination. PlaceOrder is now being processed.
2026-01-27 16:30:55.392310: ReqId=422, Code=10349, Msg=Order TIF was set to GTC based on order preset.
2026-01-27 16:30:55.491220: ReqId=423, Code=10349, Msg=Order TIF was set to GTC based on order preset.
2026-01-27 16:30:55.494219: ReqId=423, Code=2109, Msg=Order Event Warning:Attribute 'Outside Regular Trading Hours' is ignored based on the order type and destination. PlaceOrder is now being processed.
2026-01-27 16:30:55.533472: ReqId=421, Code=201, Msg=Order rejected - reason:No Trading Permission, Customer Ineligible; Ineligibility reasons:  Margin concern/risk management: For risk management purposes, this product is in closing-only status. You may close existing positions but not open new ones.
2026-01-27 16:30:55.582566: ReqId=422, Code=201, Msg=Order rejected - reason:No Trading Permission, Customer Ineligible; Ineligibility reasons:  Margin concern/risk management: For risk management purposes, this product is in closing-only status. You may close existing positions but not open new ones.
2026-01-27 16:30:55.586604: ReqId=423, Code=201, Msg=Order rejected - reason:No Trading Permission, Customer Ineligible; Ineligibility reasons:  Margin concern/risk management: For risk management purposes, this product is in closing-only status. You may close existing positions but not open new ones.
2026-01-27 17:04:04.360285: ReqId=-1, Code=2103, Msg=Market data farm connection is broken:cashfarm
2026-01-27 17:04:04.871227: ReqId=-1, Code=2104, Msg=Market data farm connection is OK:cashfarm
2026-01-27 17:09:04.731751: ReqId=-1, Code=2103, Msg=Market data farm connection is broken:cashfarm
2026-01-27 17:09:05.127934: ReqId=-1, Code=2103, Msg=Market data farm connection is broken:cashfarm
2026-01-27 17:09:09.476881: ReqId=-1, Code=2104, Msg=Market data farm connection is OK:cashfarm
2026-01-28 08:05:27.359703: ReqId=-1, Code=2104, Msg=Market data farm connection is OK:hfarm
2026-01-28 08:05:27.361701: ReqId=-1, Code=2104, Msg=Market data farm connection is OK:eufarmnj
2026-01-28 08:05:27.361701: ReqId=-1, Code=2104, Msg=Market data farm connection is OK:cashfarm
2026-01-28 08:05:27.362703: ReqId=-1, Code=2104, Msg=Market data farm connection is OK:usfuture
2026-01-28 08:05:27.362703: ReqId=-1, Code=2104, Msg=Market data farm connection is OK:usopt.nj
2026-01-28 08:05:27.362703: ReqId=-1, Code=2104, Msg=Market data farm connection is OK:jfarm
2026-01-28 08:05:27.363705: ReqId=-1, Code=2104, Msg=Market data farm connection is OK:usfarm.nj
2026-01-28 08:05:27.363705: ReqId=-1, Code=2104, Msg=Market data farm connection is OK:eufarm
2026-01-28 08:05:27.363705: ReqId=-1, Code=2104, Msg=Market data farm connection is OK:usfarm
2026-01-28 08:05:27.363705: ReqId=-1, Code=2106, Msg=HMDS data farm connection is OK:euhmds
2026-01-28 08:05:27.364702: ReqId=-1, Code=2106, Msg=HMDS data farm connection is OK:fundfarm
2026-01-28 08:05:27.364702: ReqId=-1, Code=2106, Msg=HMDS data farm connection is OK:ushmds
2026-01-28 08:05:27.364702: ReqId=-1, Code=2158, Msg=Sec-def data farm connection is OK:secdefnj
2026-01-28 08:05:29.152358: ReqId=2007, Code=2176, Msg=Warning: Your API version does not support fractional share size rules. Please upgrade to a minimum version 163. Trimmed value 2.5 to 2
2026-01-28 08:05:29.374913: ReqId=2009, Code=2176, Msg=Warning: Your API version does not support fractional share size rules. Please upgrade to a minimum version 163. Trimmed value 2621.78 to 2621
2026-01-28 08:05:29.659568: ReqId=2011, Code=2176, Msg=Warning: Your API version does not support fractional share size rules. Please upgrade to a minimum version 163. Trimmed value 164.01 to 164
2026-01-28 08:05:30.122860: ReqId=2013, Code=2176, Msg=Warning: Your API version does not support fractional share size rules. Please upgrade to a minimum version 163. Trimmed value 28.23 to 28
2026-01-28 08:05:30.193377: ReqId=2015, Code=2176, Msg=Warning: Your API version does not support fractional share size rules. Please upgrade to a minimum version 163. Trimmed value 3.43 to 3
2026-01-28 08:05:30.255559: ReqId=2017, Code=2176, Msg=Warning: Your API version does not support fractional share size rules. Please upgrade to a minimum version 163. Trimmed value 3.05 to 3
2026-01-28 08:09:01.960833: ReqId=-1, Code=2108, Msg=Market data farm connection is inactive but should be available upon demand.hfarm
2026-01-28 08:09:01.962833: ReqId=-1, Code=2108, Msg=Market data farm connection is inactive but should be available upon demand.hfarm
2026-01-28 08:09:01.967832: ReqId=-1, Code=2108, Msg=Market data farm connection is inactive but should be available upon demand.eufarmnj
2026-01-28 08:09:01.971339: ReqId=-1, Code=2108, Msg=Market data farm connection is inactive but should be available upon demand.eufarmnj
2026-01-28 08:09:01.973338: ReqId=-1, Code=2108, Msg=Market data farm connection is inactive but should be available upon demand.usfuture
2026-01-28 08:09:01.974339: ReqId=-1, Code=2108, Msg=Market data farm connection is inactive but should be available upon demand.jfarm
2026-01-28 08:09:01.977340: ReqId=-1, Code=2108, Msg=Market data farm connection is inactive but should be available upon demand.usfuture
2026-01-28 08:09:01.977340: ReqId=-1, Code=2108, Msg=Market data farm connection is inactive but should be available upon demand.jfarm
2026-01-28 08:29:30.848904: ReqId=424, Code=2109, Msg=Order Event Warning:Attribute 'Outside Regular Trading Hours' is ignored based on the order type and destination. PlaceOrder is now being processed.
2026-01-28 08:29:30.892918: ReqId=425, Code=10349, Msg=Order TIF was set to GTC based on order preset.
2026-01-28 08:29:30.976423: ReqId=426, Code=10349, Msg=Order TIF was set to GTC based on order preset.
2026-01-28 08:29:30.980929: ReqId=426, Code=2109, Msg=Order Event Warning:Attribute 'Outside Regular Trading Hours' is ignored based on the order type and destination. PlaceOrder is now being processed.
2026-01-28 08:55:05.894931: ReqId=427, Code=2109, Msg=Order Event Warning:Attribute 'Outside Regular Trading Hours' is ignored based on the order type and destination. PlaceOrder is now being processed.
2026-01-28 08:55:05.944958: ReqId=428, Code=10349, Msg=Order TIF was set to GTC based on order preset.
2026-01-28 08:55:06.044020: ReqId=429, Code=10349, Msg=Order TIF was set to GTC based on order preset.
2026-01-28 08:55:06.050018: ReqId=429, Code=2109, Msg=Order Event Warning:Attribute 'Outside Regular Trading Hours' is ignored based on the order type and destination. PlaceOrder is now being processed.
2026-01-28 09:30:10.793403: ReqId=414, Code=2161, Msg=SELL 695 SAFX NASDAQ.SCM  In accordance with our regulatory obligations as a broker, we will initially cap (or limit) the price of your Limit Order to 0.2220 or a more aggressive price still within your specified limit price.  If your order is not immediately executable, our systems may, depending on market conditions, cap your order to a limit price that is no more than the allowed amount away from the reference price at that time. If this happens, you will not receive a fill. This is a control designed to ensure that we comply with our regulatory obligations to avoid submitting disruptive orders to the marketplace. Please note that in some circumstances this may result in you receiving a less favorable fill or not receiving a fill.  In the future, please submit your order using a limit price that is closer to the current market price or submit an algorithmic Market Order (IBALGO).  If you would like to cancel your order, please use cancel order action.
2026-01-28 09:30:11.148580: ReqId=413, Code=202, Msg=Order Canceled - reason:
2026-01-28 09:30:15.857313: ReqId=425, Code=202, Msg=Order Canceled - reason:
2026-01-28 09:30:42.067595: ReqId=429, Code=2161, Msg=SELL 256 TIRX NASDAQ.SCM  In accordance with our regulatory obligations as a broker, we will initially cap (or limit) the price of your Limit Order to 0.6055 or a more aggressive price still within your specified limit price.  If your order is not immediately executable, our systems may, depending on market conditions, cap your order to a limit price that is no more than the allowed amount away from the reference price at that time. If this happens, you will not receive a fill. This is a control designed to ensure that we comply with our regulatory obligations to avoid submitting disruptive orders to the marketplace. Please note that in some circumstances this may result in you receiving a less favorable fill or not receiving a fill.  In the future, please submit your order using a limit price that is closer to the current market price or submit an algorithmic Market Order (IBALGO).  If you would like to cancel your order, please use cancel order action.
2026-01-28 09:30:54.002249: ReqId=428, Code=202, Msg=Order Canceled - reason:
2026-01-28 09:33:23.214470: ReqId=430, Code=2109, Msg=Order Event Warning:Attribute 'Outside Regular Trading Hours' is ignored based on the order type and destination. PlaceOrder is now being processed.
2026-01-28 09:33:23.300653: ReqId=431, Code=10349, Msg=Order TIF was set to GTC based on order preset.
2026-01-28 09:33:23.398120: ReqId=432, Code=10349, Msg=Order TIF was set to GTC based on order preset.
2026-01-28 09:33:23.399121: ReqId=432, Code=2109, Msg=Order Event Warning:Attribute 'Outside Regular Trading Hours' is ignored based on the order type and destination. PlaceOrder is now being processed.
2026-01-28 09:33:29.386417: ReqId=432, Code=202, Msg=Order Canceled - reason:
2026-01-28 09:34:27.586016: ReqId=433, Code=2109, Msg=Order Event Warning:Attribute 'Outside Regular Trading Hours' is ignored based on the order type and destination. PlaceOrder is now being processed.
2026-01-28 09:34:27.683492: ReqId=434, Code=10349, Msg=Order TIF was set to GTC based on order preset.
2026-01-28 09:34:27.785530: ReqId=435, Code=10349, Msg=Order TIF was set to GTC based on order preset.
2026-01-28 09:34:27.791527: ReqId=435, Code=2109, Msg=Order Event Warning:Attribute 'Outside Regular Trading Hours' is ignored based on the order type and destination. PlaceOrder is now being processed.
2026-01-28 09:34:32.386654: ReqId=435, Code=202, Msg=Order Canceled - reason:
2026-01-28 09:36:16.216391: ReqId=436, Code=2109, Msg=Order Event Warning:Attribute 'Outside Regular Trading Hours' is ignored based on the order type and destination. PlaceOrder is now being processed.
2026-01-28 09:36:16.306725: ReqId=437, Code=10349, Msg=Order TIF was set to GTC based on order preset.
2026-01-28 09:36:16.414058: ReqId=438, Code=10349, Msg=Order TIF was set to GTC based on order preset.
2026-01-28 09:36:16.420058: ReqId=438, Code=2109, Msg=Order Event Warning:Attribute 'Outside Regular Trading Hours' is ignored based on the order type and destination. PlaceOrder is now being processed.
2026-01-28 09:36:45.823779: ReqId=438, Code=202, Msg=Order Canceled - reason:
2026-01-28 10:03:01.982796: ReqId=439, Code=2109, Msg=Order Event Warning:Attribute 'Outside Regular Trading Hours' is ignored based on the order type and destination. PlaceOrder is now being processed.
2026-01-28 10:03:02.077939: ReqId=440, Code=10349, Msg=Order TIF was set to GTC based on order preset.
2026-01-28 10:03:02.180307: ReqId=441, Code=10349, Msg=Order TIF was set to GTC based on order preset.
2026-01-28 10:03:02.181308: ReqId=441, Code=2109, Msg=Order Event Warning:Attribute 'Outside Regular Trading Hours' is ignored based on the order type and destination. PlaceOrder is now being processed.
2026-01-28 10:06:37.887612: ReqId=440, Code=202, Msg=Order Canceled - reason:
2026-01-28 10:10:54.920232: ReqId=443, Code=10349, Msg=Order TIF was set to GTC based on order preset.
2026-01-28 10:10:54.925235: ReqId=442, Code=2109, Msg=Order Event Warning:Attribute 'Outside Regular Trading Hours' is ignored based on the order type and destination. PlaceOrder is now being processed.
2026-01-28 10:10:54.983245: ReqId=444, Code=10349, Msg=Order TIF was set to GTC based on order preset.
2026-01-28 10:10:54.985753: ReqId=444, Code=2109, Msg=Order Event Warning:Attribute 'Outside Regular Trading Hours' is ignored based on the order type and destination. PlaceOrder is now being processed.
2026-01-28 10:12:39.374221: ReqId=444, Code=202, Msg=Order Canceled - reason:
2026-01-28 10:12:39.782723: ReqId=445, Code=2109, Msg=Order Event Warning:Attribute 'Outside Regular Trading Hours' is ignored based on the order type and destination. PlaceOrder is now being processed.
2026-01-28 10:12:39.875352: ReqId=446, Code=10349, Msg=Order TIF was set to GTC based on order preset.
2026-01-28 10:12:39.975843: ReqId=447, Code=10349, Msg=Order TIF was set to GTC based on order preset.
2026-01-28 10:12:39.976845: ReqId=447, Code=2109, Msg=Order Event Warning:Attribute 'Outside Regular Trading Hours' is ignored based on the order type and destination. PlaceOrder is now being processed.
2026-01-28 10:14:52.582144: ReqId=447, Code=202, Msg=Order Canceled - reason:
2026-01-28 12:18:36.994215: ReqId=449, Code=10349, Msg=Order TIF was set to GTC based on order preset.
2026-01-28 12:18:36.995720: ReqId=448, Code=2109, Msg=Order Event Warning:Attribute 'Outside Regular Trading Hours' is ignored based on the order type and destination. PlaceOrder is now being processed.
2026-01-28 12:18:37.089746: ReqId=450, Code=10349, Msg=Order TIF was set to GTC based on order preset.
2026-01-28 12:18:37.091753: ReqId=450, Code=2109, Msg=Order Event Warning:Attribute 'Outside Regular Trading Hours' is ignored based on the order type and destination. PlaceOrder is now being processed.
2026-01-28 12:18:37.147243: ReqId=448, Code=2161, Msg=BUY 250 TIRX NASDAQ.SCM  In accordance with our regulatory obligations as a broker, we will initially cap (or limit) the price of your Limit Order to 0.7960 or a more aggressive price still within your specified limit price.  If your order is not immediately executable, our systems may, depending on market conditions, cap your order to a limit price that is no more than the allowed amount away from the reference price at that time. If this happens, you will not receive a fill. This is a control designed to ensure that we comply with our regulatory obligations to avoid submitting disruptive orders to the marketplace. Please note that in some circumstances this may result in you receiving a less favorable fill or not receiving a fill.  In the future, please submit your order using a limit price that is closer to the current market price or submit an algorithmic Market Order (IBALGO).  If you would like to cancel your order, please use cancel order action.
2026-01-28 12:20:11.907710: ReqId=450, Code=202, Msg=Order Canceled - reason:
2026-01-28 12:20:12.410021: ReqId=451, Code=2109, Msg=Order Event Warning:Attribute 'Outside Regular Trading Hours' is ignored based on the order type and destination. PlaceOrder is now being processed.
2026-01-28 12:20:12.509819: ReqId=452, Code=10349, Msg=Order TIF was set to GTC based on order preset.
2026-01-28 12:20:12.608426: ReqId=453, Code=10349, Msg=Order TIF was set to GTC based on order preset.
2026-01-28 12:20:12.608426: ReqId=453, Code=2109, Msg=Order Event Warning:Attribute 'Outside Regular Trading Hours' is ignored based on the order type and destination. PlaceOrder is now being processed.
2026-01-28 12:23:17.359142: ReqId=453, Code=2161, Msg=SELL 239 TIRX NASDAQ.SCM  In accordance with our regulatory obligations as a broker, we will initially cap (or limit) the price of your Limit Order to 0.7881 or a more aggressive price still within your specified limit price.  If your order is not immediately executable, our systems may, depending on market conditions, cap your order to a limit price that is no more than the allowed amount away from the reference price at that time. If this happens, you will not receive a fill. This is a control designed to ensure that we comply with our regulatory obligations to avoid submitting disruptive orders to the marketplace. Please note that in some circumstances this may result in you receiving a less favorable fill or not receiving a fill.  In the future, please submit your order using a limit price that is closer to the current market price or submit an algorithmic Market Order (IBALGO).  If you would like to cancel your order, please use cancel order action.
2026-01-28 12:23:18.110209: ReqId=452, Code=202, Msg=Order Canceled - reason:
2026-01-28 12:31:11.891730: ReqId=454, Code=2109, Msg=Order Event Warning:Attribute 'Outside Regular Trading Hours' is ignored based on the order type and destination. PlaceOrder is now being processed.
2026-01-28 12:31:11.984764: ReqId=455, Code=10349, Msg=Order TIF was set to GTC based on order preset.
2026-01-28 12:31:12.082106: ReqId=456, Code=10349, Msg=Order TIF was set to GTC based on order preset.
2026-01-28 12:31:12.083611: ReqId=456, Code=2109, Msg=Order Event Warning:Attribute 'Outside Regular Trading Hours' is ignored based on the order type and destination. PlaceOrder is now being processed.
2026-01-28 12:31:12.145177: ReqId=454, Code=2161, Msg=BUY 206 TIRX NASDAQ.SCM  In accordance with our regulatory obligations as a broker, we will initially cap (or limit) the price of your Limit Order to 0.9179 or a more aggressive price still within your specified limit price.  If your order is not immediately executable, our systems may, depending on market conditions, cap your order to a limit price that is no more than the allowed amount away from the reference price at that time. If this happens, you will not receive a fill. This is a control designed to ensure that we comply with our regulatory obligations to avoid submitting disruptive orders to the marketplace. Please note that in some circumstances this may result in you receiving a less favorable fill or not receiving a fill.  In the future, please submit your order using a limit price that is closer to the current market price or submit an algorithmic Market Order (IBALGO).  If you would like to cancel your order, please use cancel order action.
2026-01-28 12:31:13.763655: ReqId=455, Code=202, Msg=Order Canceled - reason:
2026-01-29 09:30:09.478604: ReqId=-1, Code=2104, Msg=Market data farm connection is OK:cashfarm
2026-01-29 09:30:09.480602: ReqId=-1, Code=2104, Msg=Market data farm connection is OK:usopt.nj
2026-01-29 09:30:09.481605: ReqId=-1, Code=2104, Msg=Market data farm connection is OK:usfarm.nj
2026-01-29 09:30:09.481605: ReqId=-1, Code=2104, Msg=Market data farm connection is OK:eufarm
2026-01-29 09:30:09.482604: ReqId=-1, Code=2104, Msg=Market data farm connection is OK:usfarm
2026-01-29 09:30:09.482604: ReqId=-1, Code=2106, Msg=HMDS data farm connection is OK:euhmds
2026-01-29 09:30:09.482604: ReqId=-1, Code=2106, Msg=HMDS data farm connection is OK:fundfarm
2026-01-29 09:30:09.483607: ReqId=-1, Code=2106, Msg=HMDS data farm connection is OK:ushmds
2026-01-29 09:30:09.483607: ReqId=-1, Code=2158, Msg=Sec-def data farm connection is OK:secdefnj
2026-01-29 09:30:11.445642: ReqId=2005, Code=2176, Msg=Warning: Your API version does not support fractional share size rules. Please upgrade to a minimum version 163. Trimmed value 9347.59 to 9347
2026-01-29 09:30:11.573039: ReqId=2006, Code=2176, Msg=Warning: Your API version does not support fractional share size rules. Please upgrade to a minimum version 163. Trimmed value 16.98 to 16
2026-01-29 09:30:11.872800: ReqId=2009, Code=2176, Msg=Warning: Your API version does not support fractional share size rules. Please upgrade to a minimum version 163. Trimmed value 2.02 to 2
2026-01-29 09:30:12.182478: ReqId=2011, Code=2176, Msg=Warning: Your API version does not support fractional share size rules. Please upgrade to a minimum version 163. Trimmed value 3353.86 to 3353
2026-01-29 09:33:40.125702: ReqId=-1, Code=2104, Msg=Market data farm connection is OK:cashfarm
2026-01-29 09:33:40.126703: ReqId=-1, Code=2104, Msg=Market data farm connection is OK:usopt.nj
2026-01-29 09:33:40.126703: ReqId=-1, Code=2104, Msg=Market data farm connection is OK:usfarm.nj
2026-01-29 09:33:40.127714: ReqId=-1, Code=2104, Msg=Market data farm connection is OK:eufarm
2026-01-29 09:33:40.127714: ReqId=-1, Code=2104, Msg=Market data farm connection is OK:usfarm
2026-01-29 09:33:40.128715: ReqId=-1, Code=2106, Msg=HMDS data farm connection is OK:euhmds
2026-01-29 09:33:40.129711: ReqId=-1, Code=2106, Msg=HMDS data farm connection is OK:fundfarm
2026-01-29 09:33:40.129711: ReqId=-1, Code=2106, Msg=HMDS data farm connection is OK:ushmds
2026-01-29 09:33:40.130712: ReqId=-1, Code=2158, Msg=Sec-def data farm connection is OK:secdefnj
2026-01-29 09:33:42.751174: ReqId=2006, Code=2176, Msg=Warning: Your API version does not support fractional share size rules. Please upgrade to a minimum version 163. Trimmed value 16.98 to 16
2026-01-29 09:33:42.950869: ReqId=2008, Code=2176, Msg=Warning: Your API version does not support fractional share size rules. Please upgrade to a minimum version 163. Trimmed value 3353.86 to 3353
2026-01-29 09:33:43.246686: ReqId=2010, Code=2176, Msg=Warning: Your API version does not support fractional share size rules. Please upgrade to a minimum version 163. Trimmed value 9347.59 to 9347
2026-01-29 09:33:43.776177: ReqId=2012, Code=2176, Msg=Warning: Your API version does not support fractional share size rules. Please upgrade to a minimum version 163. Trimmed value 159.61 to 159
2026-01-29 09:33:43.874893: ReqId=2014, Code=2176, Msg=Warning: Your API version does not support fractional share size rules. Please upgrade to a minimum version 163. Trimmed value 2.02 to 2
2026-01-29 09:51:22.054637: ReqId=-1, Code=2104, Msg=Market data farm connection is OK:cashfarm
2026-01-29 09:51:22.057639: ReqId=-1, Code=2104, Msg=Market data farm connection is OK:usopt.nj
2026-01-29 09:51:22.057639: ReqId=-1, Code=2104, Msg=Market data farm connection is OK:usfarm.nj
2026-01-29 09:51:22.058638: ReqId=-1, Code=2104, Msg=Market data farm connection is OK:eufarm
2026-01-29 09:51:22.058638: ReqId=-1, Code=2104, Msg=Market data farm connection is OK:usfarm
2026-01-29 09:51:22.059636: ReqId=-1, Code=2106, Msg=HMDS data farm connection is OK:euhmds
2026-01-29 09:51:22.059636: ReqId=-1, Code=2106, Msg=HMDS data farm connection is OK:fundfarm
2026-01-29 09:51:22.059636: ReqId=-1, Code=2106, Msg=HMDS data farm connection is OK:ushmds
2026-01-29 09:51:22.059636: ReqId=-1, Code=2158, Msg=Sec-def data farm connection is OK:secdefnj
2026-01-29 09:51:23.973373: ReqId=2007, Code=2176, Msg=Warning: Your API version does not support fractional share size rules. Please upgrade to a minimum version 163. Trimmed value 16.98 to 16
2026-01-29 09:51:24.291155: ReqId=2009, Code=2176, Msg=Warning: Your API version does not support fractional share size rules. Please upgrade to a minimum version 163. Trimmed value 2.02 to 2
2026-01-29 09:51:24.480378: ReqId=2011, Code=2176, Msg=Warning: Your API version does not support fractional share size rules. Please upgrade to a minimum version 163. Trimmed value 9347.59 to 9347
2026-01-29 09:51:24.777763: ReqId=2013, Code=2176, Msg=Warning: Your API version does not support fractional share size rules. Please upgrade to a minimum version 163. Trimmed value 3353.86 to 3353
2026-01-29 09:51:24.859054: ReqId=2015, Code=2176, Msg=Warning: Your API version does not support fractional share size rules. Please upgrade to a minimum version 163. Trimmed value 159.61 to 159
2026-01-29 09:51:25.111260: ReqId=2017, Code=2176, Msg=Warning: Your API version does not support fractional share size rules. Please upgrade to a minimum version 163. Trimmed value 102.55 to 102
2026-01-29 09:53:23.017988: ReqId=424, Code=2109, Msg=Order Event Warning:Attribute 'Outside Regular Trading Hours' is ignored based on the order type and destination. PlaceOrder is now being processed.
2026-01-29 09:53:23.071490: ReqId=425, Code=10349, Msg=Order TIF was set to GTC based on order preset.
2026-01-29 09:53:23.126511: ReqId=426, Code=10349, Msg=Order TIF was set to GTC based on order preset.
2026-01-29 09:53:23.132512: ReqId=426, Code=2109, Msg=Order Event Warning:Attribute 'Outside Regular Trading Hours' is ignored based on the order type and destination. PlaceOrder is now being processed.
2026-01-29 09:53:36.155858: ReqId=426, Code=202, Msg=Order Canceled - reason:
2026-01-29 09:54:50.855036: ReqId=427, Code=2109, Msg=Order Event Warning:Attribute 'Outside Regular Trading Hours' is ignored based on the order type and destination. PlaceOrder is now being processed.
2026-01-29 09:54:50.955581: ReqId=428, Code=10349, Msg=Order TIF was set to GTC based on order preset.
2026-01-29 09:54:51.216688: ReqId=429, Code=10349, Msg=Order TIF was set to GTC based on order preset.
2026-01-29 09:54:51.220686: ReqId=429, Code=2109, Msg=Order Event Warning:Attribute 'Outside Regular Trading Hours' is ignored based on the order type and destination. PlaceOrder is now being processed.
2026-01-29 09:55:24.431778: ReqId=428, Code=202, Msg=Order Canceled - reason:
2026-01-29 10:09:50.678967: ReqId=431, Code=10349, Msg=Order TIF was set to GTC based on order preset.
2026-01-29 10:09:50.687965: ReqId=430, Code=2109, Msg=Order Event Warning:Attribute 'Outside Regular Trading Hours' is ignored based on the order type and destination. PlaceOrder is now being processed.
2026-01-29 10:09:50.761991: ReqId=432, Code=10349, Msg=Order TIF was set to GTC based on order preset.
2026-01-29 10:09:50.762994: ReqId=432, Code=2109, Msg=Order Event Warning:Attribute 'Outside Regular Trading Hours' is ignored based on the order type and destination. PlaceOrder is now being processed.
2026-01-29 10:10:13.462584: ReqId=431, Code=202, Msg=Order Canceled - reason:
2026-01-29 11:22:57.176555: ReqId=434, Code=10349, Msg=Order TIF was set to GTC based on order preset.
2026-01-29 11:22:57.177556: ReqId=433, Code=2109, Msg=Order Event Warning:Attribute 'Outside Regular Trading Hours' is ignored based on the order type and destination. PlaceOrder is now being processed.
2026-01-29 11:22:57.255572: ReqId=435, Code=10349, Msg=Order TIF was set to GTC based on order preset.
2026-01-29 11:22:57.259082: ReqId=435, Code=2109, Msg=Order Event Warning:Attribute 'Outside Regular Trading Hours' is ignored based on the order type and destination. PlaceOrder is now being processed.
2026-01-29 11:38:58.593135: ReqId=435, Code=202, Msg=Order Canceled - reason:
2026-01-29 11:40:23.621385: ReqId=436, Code=2109, Msg=Order Event Warning:Attribute 'Outside Regular Trading Hours' is ignored based on the order type and destination. PlaceOrder is now being processed.
2026-01-29 11:40:23.715454: ReqId=437, Code=10349, Msg=Order TIF was set to GTC based on order preset.
2026-01-29 11:40:23.814975: ReqId=438, Code=10349, Msg=Order TIF was set to GTC based on order preset.
2026-01-29 11:40:23.816478: ReqId=438, Code=2109, Msg=Order Event Warning:Attribute 'Outside Regular Trading Hours' is ignored based on the order type and destination. PlaceOrder is now being processed.
2026-01-29 11:40:24.053785: ReqId=437, Code=202, Msg=Order Canceled - reason:
2026-01-29 12:23:26.834615: ReqId=-1, Code=2104, Msg=Market data farm connection is OK:cashfarm
2026-01-29 12:23:26.834615: ReqId=-1, Code=2104, Msg=Market data farm connection is OK:usopt.nj
2026-01-29 12:23:26.835615: ReqId=-1, Code=2104, Msg=Market data farm connection is OK:usfarm.nj
2026-01-29 12:23:26.835615: ReqId=-1, Code=2104, Msg=Market data farm connection is OK:eufarm
2026-01-29 12:23:26.835615: ReqId=-1, Code=2104, Msg=Market data farm connection is OK:usfarm
2026-01-29 12:23:26.835615: ReqId=-1, Code=2106, Msg=HMDS data farm connection is OK:euhmds
2026-01-29 12:23:26.836615: ReqId=-1, Code=2106, Msg=HMDS data farm connection is OK:fundfarm
2026-01-29 12:23:26.836615: ReqId=-1, Code=2106, Msg=HMDS data farm connection is OK:ushmds
2026-01-29 12:23:26.836615: ReqId=-1, Code=2158, Msg=Sec-def data farm connection is OK:secdefnj
2026-01-29 12:23:29.189129: ReqId=2007, Code=2176, Msg=Warning: Your API version does not support fractional share size rules. Please upgrade to a minimum version 163. Trimmed value 161.58 to 161
2026-01-29 12:23:29.381208: ReqId=2009, Code=2176, Msg=Warning: Your API version does not support fractional share size rules. Please upgrade to a minimum version 163. Trimmed value 3353.86 to 3353
2026-01-29 12:23:29.543583: ReqId=2011, Code=2176, Msg=Warning: Your API version does not support fractional share size rules. Please upgrade to a minimum version 163. Trimmed value 102.55 to 102
2026-01-29 12:23:29.708224: ReqId=2013, Code=2176, Msg=Warning: Your API version does not support fractional share size rules. Please upgrade to a minimum version 163. Trimmed value 2.5 to 2
2026-01-29 12:23:29.860280: ReqId=2015, Code=2176, Msg=Warning: Your API version does not support fractional share size rules. Please upgrade to a minimum version 163. Trimmed value 159.61 to 159
2026-01-29 12:23:30.098603: ReqId=2017, Code=2176, Msg=Warning: Your API version does not support fractional share size rules. Please upgrade to a minimum version 163. Trimmed value 16.5 to 16
2026-01-29 13:05:20.383766: ReqId=439, Code=2109, Msg=Order Event Warning:Attribute 'Outside Regular Trading Hours' is ignored based on the order type and destination. PlaceOrder is now being processed.
2026-01-29 13:05:20.447788: ReqId=440, Code=10349, Msg=Order TIF was set to GTC based on order preset.
2026-01-29 13:05:20.546430: ReqId=441, Code=10349, Msg=Order TIF was set to GTC based on order preset.
2026-01-29 13:05:20.548429: ReqId=441, Code=2109, Msg=Order Event Warning:Attribute 'Outside Regular Trading Hours' is ignored based on the order type and destination. PlaceOrder is now being processed.
2026-01-29 13:08:29.848942: ReqId=441, Code=202, Msg=Order Canceled - reason:
2026-01-29 15:10:05.977721: ReqId=442, Code=2109, Msg=Order Event Warning:Attribute 'Outside Regular Trading Hours' is ignored based on the order type and destination. PlaceOrder is now being processed.
2026-01-29 15:10:06.022092: ReqId=443, Code=10349, Msg=Order TIF was set to GTC based on order preset.
2026-01-29 15:10:06.095229: ReqId=444, Code=10349, Msg=Order TIF was set to GTC based on order preset.
2026-01-29 15:10:06.098745: ReqId=444, Code=2109, Msg=Order Event Warning:Attribute 'Outside Regular Trading Hours' is ignored based on the order type and destination. PlaceOrder is now being processed.
2026-01-29 15:10:06.207404: ReqId=442, Code=201, Msg=Order rejected - reason:No Trading Permission, Customer Ineligible; Ineligibility reasons:  No Opening Trades: Small Cap, Subject to Compliance Restriction
2026-01-29 15:10:06.226411: ReqId=443, Code=201, Msg=Order rejected - reason:No Trading Permission, Customer Ineligible; Ineligibility reasons:  No Opening Trades: Small Cap, Subject to Compliance Restriction
2026-01-29 15:10:06.230416: ReqId=444, Code=201, Msg=Order rejected - reason:No Trading Permission, Customer Ineligible; Ineligibility reasons:  No Opening Trades: Small Cap, Subject to Compliance Restriction
2026-01-29 15:20:53.907753: ReqId=445, Code=2109, Msg=Order Event Warning:Attribute 'Outside Regular Trading Hours' is ignored based on the order type and destination. PlaceOrder is now being processed.
2026-01-29 15:20:54.006060: ReqId=446, Code=10349, Msg=Order TIF was set to GTC based on order preset.
2026-01-29 15:20:54.103479: ReqId=447, Code=10349, Msg=Order TIF was set to GTC based on order preset.
2026-01-29 15:20:54.104479: ReqId=447, Code=2109, Msg=Order Event Warning:Attribute 'Outside Regular Trading Hours' is ignored based on the order type and destination. PlaceOrder is now being processed.
2026-01-29 15:20:54.161203: ReqId=445, Code=201, Msg=Order rejected - reason:No Trading Permission, Customer Ineligible; Ineligibility reasons:  No Opening Trades: Small Cap, Subject to Compliance Restriction
2026-01-29 15:20:54.167209: ReqId=446, Code=201, Msg=Order rejected - reason:No Trading Permission, Customer Ineligible; Ineligibility reasons:  No Opening Trades: Small Cap, Subject to Compliance Restriction
2026-01-29 15:20:54.172526: ReqId=447, Code=201, Msg=Order rejected - reason:No Trading Permission, Customer Ineligible; Ineligibility reasons:  No Opening Trades: Small Cap, Subject to Compliance Restriction
2026-01-29 17:04:04.282114: ReqId=-1, Code=2103, Msg=Market data farm connection is broken:cashfarm
2026-01-29 17:04:04.525799: ReqId=-1, Code=2103, Msg=Market data farm connection is broken:cashfarm
2026-01-29 17:04:06.918099: ReqId=-1, Code=2104, Msg=Market data farm connection is OK:cashfarm
2026-01-30 09:35:48.286131: ReqId=-1, Code=2104, Msg=Market data farm connection is OK:cashfarm
2026-01-30 09:35:48.289130: ReqId=-1, Code=2104, Msg=Market data farm connection is OK:usopt.nj
2026-01-30 09:35:48.290132: ReqId=-1, Code=2104, Msg=Market data farm connection is OK:usfarm.nj
2026-01-30 09:35:48.291132: ReqId=-1, Code=2104, Msg=Market data farm connection is OK:eufarm
2026-01-30 09:35:48.292130: ReqId=-1, Code=2104, Msg=Market data farm connection is OK:usfarm
2026-01-30 09:35:48.293132: ReqId=-1, Code=2106, Msg=HMDS data farm connection is OK:euhmds
2026-01-30 09:35:48.294133: ReqId=-1, Code=2106, Msg=HMDS data farm connection is OK:fundfarm
2026-01-30 09:35:48.294133: ReqId=-1, Code=2106, Msg=HMDS data farm connection is OK:ushmds
2026-01-30 09:35:48.295133: ReqId=-1, Code=2158, Msg=Sec-def data farm connection is OK:secdefnj
2026-01-30 09:35:51.464020: ReqId=2005, Code=2176, Msg=Warning: Your API version does not support fractional share size rules. Please upgrade to a minimum version 163. Trimmed value 20.1 to 20
2026-01-30 09:35:51.933464: ReqId=2007, Code=2176, Msg=Warning: Your API version does not support fractional share size rules. Please upgrade to a minimum version 163. Trimmed value 357.24 to 357
2026-01-30 09:35:52.028538: ReqId=2009, Code=2176, Msg=Warning: Your API version does not support fractional share size rules. Please upgrade to a minimum version 163. Trimmed value 408.72 to 408
2026-01-30 09:35:52.485334: ReqId=2011, Code=2176, Msg=Warning: Your API version does not support fractional share size rules. Please upgrade to a minimum version 163. Trimmed value 284.23 to 284
2026-01-30 09:46:11.888674: ReqId=-1, Code=2104, Msg=Market data farm connection is OK:cashfarm
2026-01-30 09:46:11.889676: ReqId=-1, Code=2104, Msg=Market data farm connection is OK:usopt.nj
2026-01-30 09:46:11.889676: ReqId=-1, Code=2104, Msg=Market data farm connection is OK:usfarm.nj
2026-01-30 09:46:11.889676: ReqId=-1, Code=2104, Msg=Market data farm connection is OK:eufarm
2026-01-30 09:46:11.889676: ReqId=-1, Code=2104, Msg=Market data farm connection is OK:usfarm
2026-01-30 09:46:11.890675: ReqId=-1, Code=2106, Msg=HMDS data farm connection is OK:euhmds
2026-01-30 09:46:11.890675: ReqId=-1, Code=2106, Msg=HMDS data farm connection is OK:fundfarm
2026-01-30 09:46:11.891125: ReqId=-1, Code=2106, Msg=HMDS data farm connection is OK:ushmds
2026-01-30 09:46:11.891125: ReqId=-1, Code=2158, Msg=Sec-def data farm connection is OK:secdefnj
2026-01-30 09:46:14.232725: ReqId=2005, Code=2176, Msg=Warning: Your API version does not support fractional share size rules. Please upgrade to a minimum version 163. Trimmed value 408.72 to 408
2026-01-30 09:46:14.532713: ReqId=2007, Code=2176, Msg=Warning: Your API version does not support fractional share size rules. Please upgrade to a minimum version 163. Trimmed value 20.1 to 20
2026-01-30 09:46:14.940438: ReqId=2009, Code=2176, Msg=Warning: Your API version does not support fractional share size rules. Please upgrade to a minimum version 163. Trimmed value 284.23 to 284
2026-01-30 09:46:15.266201: ReqId=2011, Code=2176, Msg=Warning: Your API version does not support fractional share size rules. Please upgrade to a minimum version 163. Trimmed value 357.24 to 357
2026-01-30 09:53:52.825025: ReqId=-1, Code=502, Msg=Couldn't connect to TWS. Confirm that "Enable ActiveX and Socket EClients" 
is enabled and connection port is the same as "Socket Port" on the 
TWS "Edit->Global Configuration...->API->Settings" menu. Live Trading ports: 
TWS: 7496; IB Gateway: 4001. Simulated Trading ports for new installations 
of version 954.1 or newer:  TWS: 7497; IB Gateway: 4002
2026-01-30 09:54:37.855473: ReqId=-1, Code=2104, Msg=Market data farm connection is OK:cashfarm
2026-01-30 09:54:37.855981: ReqId=-1, Code=2104, Msg=Market data farm connection is OK:usopt.nj
2026-01-30 09:54:37.855981: ReqId=-1, Code=2104, Msg=Market data farm connection is OK:usfarm.nj
2026-01-30 09:54:37.855981: ReqId=-1, Code=2104, Msg=Market data farm connection is OK:eufarm
2026-01-30 09:54:37.856991: ReqId=-1, Code=2104, Msg=Market data farm connection is OK:usfarm
2026-01-30 09:54:37.856991: ReqId=-1, Code=2106, Msg=HMDS data farm connection is OK:euhmds
2026-01-30 09:54:37.856991: ReqId=-1, Code=2106, Msg=HMDS data farm connection is OK:fundfarm
2026-01-30 09:54:37.856991: ReqId=-1, Code=2106, Msg=HMDS data farm connection is OK:ushmds
2026-01-30 09:54:37.857990: ReqId=-1, Code=2158, Msg=Sec-def data farm connection is OK:secdefnj
2026-01-30 09:56:12.824072: ReqId=-1, Code=2104, Msg=Market data farm connection is OK:cashfarm
2026-01-30 09:56:12.824941: ReqId=-1, Code=2104, Msg=Market data farm connection is OK:usopt.nj
2026-01-30 09:56:12.824941: ReqId=-1, Code=2104, Msg=Market data farm connection is OK:usfarm.nj
2026-01-30 09:56:12.824941: ReqId=-1, Code=2104, Msg=Market data farm connection is OK:eufarm
2026-01-30 09:56:12.825944: ReqId=-1, Code=2104, Msg=Market data farm connection is OK:usfarm
2026-01-30 09:56:12.825944: ReqId=-1, Code=2106, Msg=HMDS data farm connection is OK:euhmds
2026-01-30 09:56:12.825944: ReqId=-1, Code=2106, Msg=HMDS data farm connection is OK:fundfarm
2026-01-30 09:56:12.826944: ReqId=-1, Code=2106, Msg=HMDS data farm connection is OK:ushmds
2026-01-30 09:56:12.826944: ReqId=-1, Code=2158, Msg=Sec-def data farm connection is OK:secdefnj
2026-01-30 09:56:13.364132: ReqId=2000, Code=2176, Msg=Warning: Your API version does not support fractional share size rules. Please upgrade to a minimum version 163. Trimmed value 256.94 to 256
2026-01-30 09:56:19.327517: ReqId=2001, Code=2176, Msg=Warning: Your API version does not support fractional share size rules. Please upgrade to a minimum version 163. Trimmed value 4.36 to 4
2026-01-30 09:56:31.142538: ReqId=2002, Code=2176, Msg=Warning: Your API version does not support fractional share size rules. Please upgrade to a minimum version 163. Trimmed value 6.425 to 6
2026-01-30 09:57:13.457550: ReqId=-1, Code=2104, Msg=Market data farm connection is OK:cashfarm
2026-01-30 09:57:13.458053: ReqId=-1, Code=2104, Msg=Market data farm connection is OK:usopt.nj
2026-01-30 09:57:13.458053: ReqId=-1, Code=2104, Msg=Market data farm connection is OK:usfarm.nj
2026-01-30 09:57:13.459058: ReqId=-1, Code=2104, Msg=Market data farm connection is OK:eufarm
2026-01-30 09:57:13.459058: ReqId=-1, Code=2104, Msg=Market data farm connection is OK:usfarm
2026-01-30 09:57:13.459058: ReqId=-1, Code=2106, Msg=HMDS data farm connection is OK:euhmds
2026-01-30 09:57:13.459058: ReqId=-1, Code=2106, Msg=HMDS data farm connection is OK:fundfarm
2026-01-30 09:57:13.460058: ReqId=-1, Code=2106, Msg=HMDS data farm connection is OK:ushmds
2026-01-30 09:57:13.460058: ReqId=-1, Code=2158, Msg=Sec-def data farm connection is OK:secdefnj
2026-01-30 09:57:13.765021: ReqId=2000, Code=2176, Msg=Warning: Your API version does not support fractional share size rules. Please upgrade to a minimum version 163. Trimmed value 256.94 to 256
2026-01-30 09:57:19.752365: ReqId=2001, Code=2176, Msg=Warning: Your API version does not support fractional share size rules. Please upgrade to a minimum version 163. Trimmed value 4.36 to 4
2026-01-30 09:57:31.673567: ReqId=2002, Code=2176, Msg=Warning: Your API version does not support fractional share size rules. Please upgrade to a minimum version 163. Trimmed value 6.425 to 6
2026-01-30 10:04:11.201833: ReqId=-1, Code=2104, Msg=Market data farm connection is OK:cashfarm
2026-01-30 10:04:11.202833: ReqId=-1, Code=2104, Msg=Market data farm connection is OK:usopt.nj
2026-01-30 10:04:11.202833: ReqId=-1, Code=2104, Msg=Market data farm connection is OK:usfarm.nj
2026-01-30 10:04:11.206833: ReqId=-1, Code=2104, Msg=Market data farm connection is OK:eufarm
2026-01-30 10:04:11.206833: ReqId=-1, Code=2104, Msg=Market data farm connection is OK:usfarm
2026-01-30 10:04:11.206833: ReqId=-1, Code=2106, Msg=HMDS data farm connection is OK:euhmds
2026-01-30 10:04:11.206833: ReqId=-1, Code=2106, Msg=HMDS data farm connection is OK:fundfarm
2026-01-30 10:04:11.207831: ReqId=-1, Code=2106, Msg=HMDS data farm connection is OK:ushmds
2026-01-30 10:04:11.207831: ReqId=-1, Code=2158, Msg=Sec-def data farm connection is OK:secdefnj
2026-01-30 10:04:16.231051: ReqId=2007, Code=2176, Msg=Warning: Your API version does not support fractional share size rules. Please upgrade to a minimum version 163. Trimmed value 5.2 to 5
2026-01-30 10:04:16.635976: ReqId=2009, Code=2176, Msg=Warning: Your API version does not support fractional share size rules. Please upgrade to a minimum version 163. Trimmed value 940.22 to 940
2026-01-30 10:04:16.920137: ReqId=2011, Code=2176, Msg=Warning: Your API version does not support fractional share size rules. Please upgrade to a minimum version 163. Trimmed value 23.52 to 23
2026-01-30 10:04:17.133976: ReqId=2013, Code=2176, Msg=Warning: Your API version does not support fractional share size rules. Please upgrade to a minimum version 163. Trimmed value 1.5 to 1
2026-01-30 10:04:17.279240: ReqId=2015, Code=2176, Msg=Warning: Your API version does not support fractional share size rules. Please upgrade to a minimum version 163. Trimmed value 21.66 to 21
2026-01-30 10:04:17.428943: ReqId=2017, Code=2176, Msg=Warning: Your API version does not support fractional share size rules. Please upgrade to a minimum version 163. Trimmed value 123.36 to 123
2026-01-30 10:08:48.702800: ReqId=-1, Code=2104, Msg=Market data farm connection is OK:cashfarm
2026-01-30 10:08:48.703304: ReqId=-1, Code=2104, Msg=Market data farm connection is OK:usopt.nj
2026-01-30 10:08:48.703304: ReqId=-1, Code=2104, Msg=Market data farm connection is OK:usfarm.nj
2026-01-30 10:08:48.706039: ReqId=-1, Code=2104, Msg=Market data farm connection is OK:eufarm
2026-01-30 10:08:48.707044: ReqId=-1, Code=2104, Msg=Market data farm connection is OK:usfarm
2026-01-30 10:08:48.707044: ReqId=-1, Code=2106, Msg=HMDS data farm connection is OK:euhmds
2026-01-30 10:08:48.707044: ReqId=-1, Code=2106, Msg=HMDS data farm connection is OK:fundfarm
2026-01-30 10:08:48.708047: ReqId=-1, Code=2106, Msg=HMDS data farm connection is OK:ushmds
2026-01-30 10:08:48.708047: ReqId=-1, Code=2158, Msg=Sec-def data farm connection is OK:secdefnj
2026-01-30 10:08:49.054239: ReqId=2000, Code=2176, Msg=Warning: Your API version does not support fractional share size rules. Please upgrade to a minimum version 163. Trimmed value 256.94 to 256
2026-01-30 10:08:55.069292: ReqId=2001, Code=2176, Msg=Warning: Your API version does not support fractional share size rules. Please upgrade to a minimum version 163. Trimmed value 4.36 to 4
2026-01-30 10:09:06.989408: ReqId=2002, Code=2176, Msg=Warning: Your API version does not support fractional share size rules. Please upgrade to a minimum version 163. Trimmed value 6.425 to 6
2026-01-30 10:09:49.591472: ReqId=-1, Code=2104, Msg=Market data farm connection is OK:cashfarm
2026-01-30 10:09:49.592258: ReqId=-1, Code=2104, Msg=Market data farm connection is OK:usopt.nj
2026-01-30 10:09:49.592258: ReqId=-1, Code=2104, Msg=Market data farm connection is OK:usfarm.nj
2026-01-30 10:09:49.593265: ReqId=-1, Code=2104, Msg=Market data farm connection is OK:eufarm
2026-01-30 10:09:49.594264: ReqId=-1, Code=2104, Msg=Market data farm connection is OK:usfarm
2026-01-30 10:09:49.594264: ReqId=-1, Code=2106, Msg=HMDS data farm connection is OK:euhmds
2026-01-30 10:09:49.595263: ReqId=-1, Code=2106, Msg=HMDS data farm connection is OK:fundfarm
2026-01-30 10:09:49.595263: ReqId=-1, Code=2106, Msg=HMDS data farm connection is OK:ushmds
2026-01-30 10:09:49.595263: ReqId=-1, Code=2158, Msg=Sec-def data farm connection is OK:secdefnj
2026-01-30 10:09:49.861010: ReqId=2000, Code=2176, Msg=Warning: Your API version does not support fractional share size rules. Please upgrade to a minimum version 163. Trimmed value 256.94 to 256
2026-01-30 10:09:55.847324: ReqId=2001, Code=2176, Msg=Warning: Your API version does not support fractional share size rules. Please upgrade to a minimum version 163. Trimmed value 4.36 to 4
2026-01-30 10:10:07.794835: ReqId=2002, Code=2176, Msg=Warning: Your API version does not support fractional share size rules. Please upgrade to a minimum version 163. Trimmed value 6.425 to 6
2026-01-30 10:10:31.766752: ReqId=2003, Code=2176, Msg=Warning: Your API version does not support fractional share size rules. Please upgrade to a minimum version 163. Trimmed value 5.62 to 5
2026-01-30 10:10:50.344064: ReqId=2004, Code=2176, Msg=Warning: Your API version does not support fractional share size rules. Please upgrade to a minimum version 163. Trimmed value 2.24 to 2
2026-01-30 10:10:55.830692: ReqId=2005, Code=2176, Msg=Warning: Your API version does not support fractional share size rules. Please upgrade to a minimum version 163. Trimmed value 3.19 to 3
2026-01-30 10:11:30.109635: ReqId=-1, Code=2104, Msg=Market data farm connection is OK:cashfarm
2026-01-30 10:11:30.110138: ReqId=-1, Code=2104, Msg=Market data farm connection is OK:usopt.nj
2026-01-30 10:11:30.110138: ReqId=-1, Code=2104, Msg=Market data farm connection is OK:usfarm.nj
2026-01-30 10:11:30.111142: ReqId=-1, Code=2104, Msg=Market data farm connection is OK:eufarm
2026-01-30 10:11:30.111142: ReqId=-1, Code=2104, Msg=Market data farm connection is OK:usfarm
2026-01-30 10:11:30.111142: ReqId=-1, Code=2106, Msg=HMDS data farm connection is OK:euhmds
2026-01-30 10:11:30.111142: ReqId=-1, Code=2106, Msg=HMDS data farm connection is OK:fundfarm
2026-01-30 10:11:30.112142: ReqId=-1, Code=2106, Msg=HMDS data farm connection is OK:ushmds
2026-01-30 10:11:30.112142: ReqId=-1, Code=2158, Msg=Sec-def data farm connection is OK:secdefnj
2026-01-30 10:11:30.528467: ReqId=2000, Code=2176, Msg=Warning: Your API version does not support fractional share size rules. Please upgrade to a minimum version 163. Trimmed value 6.14 to 6
2026-01-30 10:11:37.907468: ReqId=2001, Code=2176, Msg=Warning: Your API version does not support fractional share size rules. Please upgrade to a minimum version 163. Trimmed value 42.46 to 42
2026-01-30 10:12:24.382606: ReqId=-1, Code=2104, Msg=Market data farm connection is OK:cashfarm
2026-01-30 10:12:24.383614: ReqId=-1, Code=2104, Msg=Market data farm connection is OK:usopt.nj
2026-01-30 10:12:24.383614: ReqId=-1, Code=2104, Msg=Market data farm connection is OK:usfarm.nj
2026-01-30 10:12:24.383614: ReqId=-1, Code=2104, Msg=Market data farm connection is OK:eufarm
2026-01-30 10:12:24.383614: ReqId=-1, Code=2104, Msg=Market data farm connection is OK:usfarm
2026-01-30 10:12:24.385125: ReqId=-1, Code=2106, Msg=HMDS data farm connection is OK:euhmds
2026-01-30 10:12:24.385125: ReqId=-1, Code=2106, Msg=HMDS data farm connection is OK:fundfarm
2026-01-30 10:12:24.386134: ReqId=-1, Code=2106, Msg=HMDS data farm connection is OK:ushmds
2026-01-30 10:12:24.386134: ReqId=-1, Code=2158, Msg=Sec-def data farm connection is OK:secdefnj
2026-01-30 10:12:24.643235: ReqId=2000, Code=2176, Msg=Warning: Your API version does not support fractional share size rules. Please upgrade to a minimum version 163. Trimmed value 16.5 to 16
2026-02-17 10:02:12.352176: ReqId=-1, Code=2104, Msg=Market data farm connection is OK:hfarm
2026-02-17 10:02:12.354182: ReqId=-1, Code=2104, Msg=Market data farm connection is OK:usfarm.nj
2026-02-17 10:02:12.354182: ReqId=-1, Code=2104, Msg=Market data farm connection is OK:jfarm
2026-02-17 10:02:12.354182: ReqId=-1, Code=2104, Msg=Market data farm connection is OK:cashfarm
2026-02-17 10:02:12.355181: ReqId=-1, Code=2104, Msg=Market data farm connection is OK:usfarm
2026-02-17 10:02:12.355181: ReqId=-1, Code=2106, Msg=HMDS data farm connection is OK:euhmds
2026-02-17 10:02:12.355181: ReqId=-1, Code=2106, Msg=HMDS data farm connection is OK:fundfarm
2026-02-17 10:02:12.355181: ReqId=-1, Code=2106, Msg=HMDS data farm connection is OK:ushmds
2026-02-17 10:02:12.355181: ReqId=-1, Code=2158, Msg=Sec-def data farm connection is OK:secdefnj
2026-02-17 10:02:15.776261: ReqId=2008, Code=430, Msg=The fundamentals data for the security specified is not available.failed to fetch
2026-02-17 10:02:26.103694: ReqId=2012, Code=430, Msg=The fundamentals data for the security specified is not available.failed to fetch
2026-02-17 10:02:36.179639: ReqId=2014, Code=430, Msg=The fundamentals data for the security specified is not available.failed to fetch
2026-02-17 10:02:47.288765: ReqId=2021, Code=2176, Msg=Warning: Your API version does not support fractional share size rules. Please upgrade to a minimum version 163. Trimmed value 12.54 to 12
2026-02-17 10:02:47.704338: ReqId=2023, Code=2176, Msg=Warning: Your API version does not support fractional share size rules. Please upgrade to a minimum version 163. Trimmed value 36.15 to 36
2026-02-17 10:02:47.890022: ReqId=2025, Code=2176, Msg=Warning: Your API version does not support fractional share size rules. Please upgrade to a minimum version 163. Trimmed value 1.83 to 1
2026-02-17 10:02:48.232769: ReqId=2031, Code=2176, Msg=Warning: Your API version does not support fractional share size rules. Please upgrade to a minimum version 163. Trimmed value 2759.51 to 2759
2026-02-17 10:02:48.524226: ReqId=2027, Code=2176, Msg=Warning: Your API version does not support fractional share size rules. Please upgrade to a minimum version 163. Trimmed value 15.04 to 15
2026-02-17 10:02:48.555564: ReqId=2037, Code=2176, Msg=Warning: Your API version does not support fractional share size rules. Please upgrade to a minimum version 163. Trimmed value 4.2 to 4
2026-02-17 10:02:48.598497: ReqId=2041, Code=2176, Msg=Warning: Your API version does not support fractional share size rules. Please upgrade to a minimum version 163. Trimmed value 54.46 to 54
2026-02-17 10:02:48.628057: ReqId=2029, Code=2176, Msg=Warning: Your API version does not support fractional share size rules. Please upgrade to a minimum version 163. Trimmed value 1.09 to 1
2026-02-17 10:02:48.655624: ReqId=2045, Code=2176, Msg=Warning: Your API version does not support fractional share size rules. Please upgrade to a minimum version 163. Trimmed value 23.36 to 23
2026-02-17 10:02:48.684806: ReqId=2047, Code=2176, Msg=Warning: Your API version does not support fractional share size rules. Please upgrade to a minimum version 163. Trimmed value 171.13 to 171
2026-02-17 10:02:48.729124: ReqId=2033, Code=2176, Msg=Warning: Your API version does not support fractional share size rules. Please upgrade to a minimum version 163. Trimmed value 177.45 to 177
2026-02-17 10:02:48.743119: ReqId=2035, Code=2176, Msg=Warning: Your API version does not support fractional share size rules. Please upgrade to a minimum version 163. Trimmed value 1.5 to 1
2026-02-17 10:02:48.759537: ReqId=2053, Code=2176, Msg=Warning: Your API version does not support fractional share size rules. Please upgrade to a minimum version 163. Trimmed value 23.75 to 23
2026-02-17 10:02:48.790049: ReqId=2039, Code=2176, Msg=Warning: Your API version does not support fractional share size rules. Please upgrade to a minimum version 163. Trimmed value 1.4 to 1
2026-02-17 10:02:48.826562: ReqId=2043, Code=2176, Msg=Warning: Your API version does not support fractional share size rules. Please upgrade to a minimum version 163. Trimmed value 1.99 to 1
2026-02-17 10:02:48.846613: ReqId=2049, Code=2176, Msg=Warning: Your API version does not support fractional share size rules. Please upgrade to a minimum version 163. Trimmed value 35.75 to 35
2026-02-17 10:02:48.865031: ReqId=2051, Code=2176, Msg=Warning: Your API version does not support fractional share size rules. Please upgrade to a minimum version 163. Trimmed value 13.12 to 13
2026-02-17 10:02:48.872025: ReqId=2055, Code=2176, Msg=Warning: Your API version does not support fractional share size rules. Please upgrade to a minimum version 163. Trimmed value 2.03 to 2
2026-02-17 10:02:48.887369: ReqId=2057, Code=2176, Msg=Warning: Your API version does not support fractional share size rules. Please upgrade to a minimum version 163. Trimmed value 8.97 to 8
2026-02-17 10:02:48.953316: ReqId=2059, Code=2176, Msg=Warning: Your API version does not support fractional share size rules. Please upgrade to a minimum version 163. Trimmed value 1.11 to 1
2026-02-17 10:02:52.085196: ReqId=-1, Code=326, Msg=Unable to connect as the client id is already in use. Retry with a unique client id.
2026-02-17 10:07:29.994180: ReqId=-1, Code=326, Msg=Unable to connect as the client id is already in use. Retry with a unique client id.
2026-02-17 10:31:25.268884: ReqId=-1, Code=2104, Msg=Market data farm connection is OK:hfarm
2026-02-17 10:31:25.268884: ReqId=-1, Code=2104, Msg=Market data farm connection is OK:usfarm.nj
2026-02-17 10:31:25.269882: ReqId=-1, Code=2104, Msg=Market data farm connection is OK:jfarm
2026-02-17 10:31:25.269882: ReqId=-1, Code=2104, Msg=Market data farm connection is OK:cashfarm
2026-02-17 10:31:25.269882: ReqId=-1, Code=2104, Msg=Market data farm connection is OK:usfarm
2026-02-17 10:31:25.269882: ReqId=-1, Code=2106, Msg=HMDS data farm connection is OK:euhmds
2026-02-17 10:31:25.270882: ReqId=-1, Code=2106, Msg=HMDS data farm connection is OK:fundfarm
2026-02-17 10:31:25.270882: ReqId=-1, Code=2106, Msg=HMDS data farm connection is OK:ushmds
2026-02-17 10:31:25.271882: ReqId=-1, Code=2158, Msg=Sec-def data farm connection is OK:secdefnj
2026-02-17 10:31:27.434958: ReqId=2004, Code=430, Msg=The fundamentals data for the security specified is not available.failed to fetch
2026-02-17 10:31:38.037894: ReqId=2008, Code=430, Msg=The fundamentals data for the security specified is not available.failed to fetch
2026-02-17 10:31:48.360708: ReqId=2011, Code=430, Msg=The fundamentals data for the security specified is not available.failed to fetch
2026-02-17 10:32:02.534029: ReqId=2021, Code=2176, Msg=Warning: Your API version does not support fractional share size rules. Please upgrade to a minimum version 163. Trimmed value 1.25 to 1
2026-02-17 10:32:02.584526: ReqId=2022, Code=2176, Msg=Warning: Your API version does not support fractional share size rules. Please upgrade to a minimum version 163. Trimmed value 36.15 to 36
2026-02-17 10:32:02.878711: ReqId=2024, Code=2176, Msg=Warning: Your API version does not support fractional share size rules. Please upgrade to a minimum version 163. Trimmed value 177.45 to 177
2026-02-17 10:32:03.279424: ReqId=2027, Code=2176, Msg=Warning: Your API version does not support fractional share size rules. Please upgrade to a minimum version 163. Trimmed value 23.75 to 23
2026-02-17 10:32:03.324564: ReqId=2029, Code=2176, Msg=Warning: Your API version does not support fractional share size rules. Please upgrade to a minimum version 163. Trimmed value 35.75 to 35
2026-02-17 10:32:03.363599: ReqId=2037, Code=2176, Msg=Warning: Your API version does not support fractional share size rules. Please upgrade to a minimum version 163. Trimmed value 23.36 to 23
2026-02-17 10:32:03.375727: ReqId=2039, Code=2176, Msg=Warning: Your API version does not support fractional share size rules. Please upgrade to a minimum version 163. Trimmed value 8.97 to 8
2026-02-17 10:32:03.397207: ReqId=2043, Code=2176, Msg=Warning: Your API version does not support fractional share size rules. Please upgrade to a minimum version 163. Trimmed value 4.2 to 4
2026-02-17 10:32:03.412209: ReqId=2041, Code=2176, Msg=Warning: Your API version does not support fractional share size rules. Please upgrade to a minimum version 163. Trimmed value 1.99 to 1
2026-02-17 10:32:03.432721: ReqId=2031, Code=2176, Msg=Warning: Your API version does not support fractional share size rules. Please upgrade to a minimum version 163. Trimmed value 48.95 to 48
2026-02-17 10:32:03.463231: ReqId=2045, Code=2176, Msg=Warning: Your API version does not support fractional share size rules. Please upgrade to a minimum version 163. Trimmed value 171.13 to 171
2026-02-17 10:32:03.498558: ReqId=2033, Code=2176, Msg=Warning: Your API version does not support fractional share size rules. Please upgrade to a minimum version 163. Trimmed value 2.3 to 2
2026-02-17 10:32:03.532072: ReqId=2049, Code=2176, Msg=Warning: Your API version does not support fractional share size rules. Please upgrade to a minimum version 163. Trimmed value 1.11 to 1
2026-02-17 10:32:03.564077: ReqId=2051, Code=2176, Msg=Warning: Your API version does not support fractional share size rules. Please upgrade to a minimum version 163. Trimmed value 2759.51 to 2759
2026-02-17 10:32:03.600332: ReqId=2035, Code=2176, Msg=Warning: Your API version does not support fractional share size rules. Please upgrade to a minimum version 163. Trimmed value 3.37 to 3
2026-02-17 10:32:03.628335: ReqId=2053, Code=2176, Msg=Warning: Your API version does not support fractional share size rules. Please upgrade to a minimum version 163. Trimmed value 54.46 to 54
2026-02-17 10:32:03.651838: ReqId=2055, Code=2176, Msg=Warning: Your API version does not support fractional share size rules. Please upgrade to a minimum version 163. Trimmed value 15.04 to 15
2026-02-17 10:32:03.674878: ReqId=2047, Code=2176, Msg=Warning: Your API version does not support fractional share size rules. Please upgrade to a minimum version 163. Trimmed value 1.03 to 1
2026-02-17 10:32:03.691512: ReqId=2057, Code=2176, Msg=Warning: Your API version does not support fractional share size rules. Please upgrade to a minimum version 163. Trimmed value 1.5 to 1
2026-02-17 10:32:03.810240: ReqId=2059, Code=2176, Msg=Warning: Your API version does not support fractional share size rules. Please upgrade to a minimum version 163. Trimmed value 1.5 to 1
2026-02-17 10:34:30.962798: ReqId=-1, Code=2104, Msg=Market data farm connection is OK:hfarm
2026-02-17 10:34:30.963802: ReqId=-1, Code=2104, Msg=Market data farm connection is OK:usfarm.nj
2026-02-17 10:34:30.964801: ReqId=-1, Code=2104, Msg=Market data farm connection is OK:jfarm
2026-02-17 10:34:30.964801: ReqId=-1, Code=2104, Msg=Market data farm connection is OK:cashfarm
2026-02-17 10:34:30.965805: ReqId=-1, Code=2104, Msg=Market data farm connection is OK:usfarm
2026-02-17 10:34:30.965805: ReqId=-1, Code=2106, Msg=HMDS data farm connection is OK:euhmds
2026-02-17 10:34:30.965805: ReqId=-1, Code=2106, Msg=HMDS data farm connection is OK:fundfarm
2026-02-17 10:34:30.966801: ReqId=-1, Code=2106, Msg=HMDS data farm connection is OK:ushmds
2026-02-17 10:34:30.966801: ReqId=-1, Code=2158, Msg=Sec-def data farm connection is OK:secdefnj
2026-02-17 10:34:34.867060: ReqId=2009, Code=430, Msg=The fundamentals data for the security specified is not available.failed to fetch
2026-02-17 10:34:44.700008: ReqId=2010, Code=430, Msg=The fundamentals data for the security specified is not available.failed to fetch
2026-02-17 10:34:57.213944: ReqId=2017, Code=430, Msg=The fundamentals data for the security specified is not available.failed to fetch
2026-02-17 10:35:07.409607: ReqId=2020, Code=2176, Msg=Warning: Your API version does not support fractional share size rules. Please upgrade to a minimum version 163. Trimmed value 15.04 to 15
2026-02-17 10:35:07.609934: ReqId=2023, Code=2176, Msg=Warning: Your API version does not support fractional share size rules. Please upgrade to a minimum version 163. Trimmed value 1.5 to 1
2026-02-17 10:35:07.801172: ReqId=2025, Code=2176, Msg=Warning: Your API version does not support fractional share size rules. Please upgrade to a minimum version 163. Trimmed value 171.13 to 171
2026-02-17 10:35:08.267948: ReqId=2027, Code=2176, Msg=Warning: Your API version does not support fractional share size rules. Please upgrade to a minimum version 163. Trimmed value 1.25 to 1
2026-02-17 10:35:08.470215: ReqId=2029, Code=2176, Msg=Warning: Your API version does not support fractional share size rules. Please upgrade to a minimum version 163. Trimmed value 1.11 to 1
2026-02-17 10:35:08.503281: ReqId=2031, Code=2176, Msg=Warning: Your API version does not support fractional share size rules. Please upgrade to a minimum version 163. Trimmed value 54.46 to 54
2026-02-17 10:35:08.519286: ReqId=2033, Code=2176, Msg=Warning: Your API version does not support fractional share size rules. Please upgrade to a minimum version 163. Trimmed value 1.03 to 1
2026-02-17 10:35:08.530285: ReqId=2035, Code=2176, Msg=Warning: Your API version does not support fractional share size rules. Please upgrade to a minimum version 163. Trimmed value 36.15 to 36
2026-02-17 10:35:08.551840: ReqId=2039, Code=2176, Msg=Warning: Your API version does not support fractional share size rules. Please upgrade to a minimum version 163. Trimmed value 35.75 to 35
2026-02-17 10:35:08.562841: ReqId=2041, Code=2176, Msg=Warning: Your API version does not support fractional share size rules. Please upgrade to a minimum version 163. Trimmed value 4.2 to 4
2026-02-17 10:35:08.575841: ReqId=2043, Code=2176, Msg=Warning: Your API version does not support fractional share size rules. Please upgrade to a minimum version 163. Trimmed value 3.37 to 3
2026-02-17 10:35:08.586926: ReqId=2045, Code=2176, Msg=Warning: Your API version does not support fractional share size rules. Please upgrade to a minimum version 163. Trimmed value 48.95 to 48
2026-02-17 10:35:08.611513: ReqId=2047, Code=2176, Msg=Warning: Your API version does not support fractional share size rules. Please upgrade to a minimum version 163. Trimmed value 177.45 to 177
2026-02-17 10:35:08.629025: ReqId=2049, Code=2176, Msg=Warning: Your API version does not support fractional share size rules. Please upgrade to a minimum version 163. Trimmed value 2.3 to 2
2026-02-17 10:35:08.647534: ReqId=2051, Code=2176, Msg=Warning: Your API version does not support fractional share size rules. Please upgrade to a minimum version 163. Trimmed value 1.99 to 1
2026-02-17 10:35:08.658533: ReqId=2037, Code=2176, Msg=Warning: Your API version does not support fractional share size rules. Please upgrade to a minimum version 163. Trimmed value 1.5 to 1
2026-02-17 10:35:08.668532: ReqId=2053, Code=2176, Msg=Warning: Your API version does not support fractional share size rules. Please upgrade to a minimum version 163. Trimmed value 8.97 to 8
2026-02-17 10:35:08.684047: ReqId=2055, Code=2176, Msg=Warning: Your API version does not support fractional share size rules. Please upgrade to a minimum version 163. Trimmed value 23.36 to 23
2026-02-17 10:35:08.710570: ReqId=2057, Code=2176, Msg=Warning: Your API version does not support fractional share size rules. Please upgrade to a minimum version 163. Trimmed value 2759.51 to 2759
2026-02-17 10:35:08.803126: ReqId=2059, Code=2176, Msg=Warning: Your API version does not support fractional share size rules. Please upgrade to a minimum version 163. Trimmed value 23.75 to 23
2026-02-17 10:37:52.795833: ReqId=-1, Code=2104, Msg=Market data farm connection is OK:hfarm
2026-02-17 10:37:52.796837: ReqId=-1, Code=2104, Msg=Market data farm connection is OK:usfarm.nj
2026-02-17 10:37:52.796837: ReqId=-1, Code=2104, Msg=Market data farm connection is OK:jfarm
2026-02-17 10:37:52.797834: ReqId=-1, Code=2104, Msg=Market data farm connection is OK:cashfarm
2026-02-17 10:37:52.797834: ReqId=-1, Code=2104, Msg=Market data farm connection is OK:usfarm
2026-02-17 10:37:52.797834: ReqId=-1, Code=2106, Msg=HMDS data farm connection is OK:euhmds
2026-02-17 10:37:52.797834: ReqId=-1, Code=2106, Msg=HMDS data farm connection is OK:fundfarm
2026-02-17 10:37:52.798834: ReqId=-1, Code=2106, Msg=HMDS data farm connection is OK:ushmds
2026-02-17 10:37:52.798834: ReqId=-1, Code=2158, Msg=Sec-def data farm connection is OK:secdefnj
2026-02-17 10:37:52.945433: ReqId=2000, Code=430, Msg=The fundamentals data for the security specified is not available.failed to fetch
2026-02-17 10:38:06.201459: ReqId=2010, Code=430, Msg=The fundamentals data for the security specified is not available.failed to fetch
2026-02-17 10:38:18.558850: ReqId=2019, Code=430, Msg=The fundamentals data for the security specified is not available.failed to fetch
2026-02-17 10:38:28.444010: ReqId=2021, Code=2176, Msg=Warning: Your API version does not support fractional share size rules. Please upgrade to a minimum version 163. Trimmed value 4.2 to 4
2026-02-17 10:38:28.472499: ReqId=2023, Code=2176, Msg=Warning: Your API version does not support fractional share size rules. Please upgrade to a minimum version 163. Trimmed value 2.3 to 2
2026-02-17 10:38:28.495009: ReqId=2025, Code=2176, Msg=Warning: Your API version does not support fractional share size rules. Please upgrade to a minimum version 163. Trimmed value 171.13 to 171
2026-02-17 10:38:28.595063: ReqId=2027, Code=2176, Msg=Warning: Your API version does not support fractional share size rules. Please upgrade to a minimum version 163. Trimmed value 1.25 to 1
2026-02-17 10:38:28.643658: ReqId=2029, Code=2176, Msg=Warning: Your API version does not support fractional share size rules. Please upgrade to a minimum version 163. Trimmed value 2759.51 to 2759
2026-02-17 10:38:28.839516: ReqId=2031, Code=2176, Msg=Warning: Your API version does not support fractional share size rules. Please upgrade to a minimum version 163. Trimmed value 23.75 to 23
2026-02-17 10:38:29.136774: ReqId=2033, Code=2176, Msg=Warning: Your API version does not support fractional share size rules. Please upgrade to a minimum version 163. Trimmed value 1.99 to 1
2026-02-17 10:38:29.450773: ReqId=2035, Code=2176, Msg=Warning: Your API version does not support fractional share size rules. Please upgrade to a minimum version 163. Trimmed value 1.5 to 1
2026-02-17 10:38:29.502791: ReqId=2039, Code=2176, Msg=Warning: Your API version does not support fractional share size rules. Please upgrade to a minimum version 163. Trimmed value 3.37 to 3
2026-02-17 10:38:29.514798: ReqId=2041, Code=2176, Msg=Warning: Your API version does not support fractional share size rules. Please upgrade to a minimum version 163. Trimmed value 23.36 to 23
2026-02-17 10:38:29.534124: ReqId=2045, Code=2176, Msg=Warning: Your API version does not support fractional share size rules. Please upgrade to a minimum version 163. Trimmed value 1.03 to 1
2026-02-17 10:38:29.548123: ReqId=2047, Code=2176, Msg=Warning: Your API version does not support fractional share size rules. Please upgrade to a minimum version 163. Trimmed value 8.97 to 8
2026-02-17 10:38:29.557128: ReqId=2037, Code=2176, Msg=Warning: Your API version does not support fractional share size rules. Please upgrade to a minimum version 163. Trimmed value 1.5 to 1
2026-02-17 10:38:29.596272: ReqId=2049, Code=2176, Msg=Warning: Your API version does not support fractional share size rules. Please upgrade to a minimum version 163. Trimmed value 1.11 to 1
2026-02-17 10:38:29.616276: ReqId=2043, Code=2176, Msg=Warning: Your API version does not support fractional share size rules. Please upgrade to a minimum version 163. Trimmed value 1.5 to 1
2026-02-17 10:38:29.631795: ReqId=2051, Code=2176, Msg=Warning: Your API version does not support fractional share size rules. Please upgrade to a minimum version 163. Trimmed value 36.15 to 36
2026-02-17 10:38:29.651797: ReqId=2053, Code=2176, Msg=Warning: Your API version does not support fractional share size rules. Please upgrade to a minimum version 163. Trimmed value 54.46 to 54
2026-02-17 10:38:29.712815: ReqId=2055, Code=2176, Msg=Warning: Your API version does not support fractional share size rules. Please upgrade to a minimum version 163. Trimmed value 177.45 to 177
2026-02-17 10:38:29.736867: ReqId=2057, Code=2176, Msg=Warning: Your API version does not support fractional share size rules. Please upgrade to a minimum version 163. Trimmed value 15.04 to 15
2026-02-17 10:38:29.830425: ReqId=2059, Code=2176, Msg=Warning: Your API version does not support fractional share size rules. Please upgrade to a minimum version 163. Trimmed value 35.75 to 35
2026-02-17 10:41:26.031849: ReqId=-1, Code=2104, Msg=Market data farm connection is OK:hfarm
2026-02-17 10:41:26.032849: ReqId=-1, Code=2104, Msg=Market data farm connection is OK:usfarm.nj
2026-02-17 10:41:26.033850: ReqId=-1, Code=2104, Msg=Market data farm connection is OK:jfarm
2026-02-17 10:41:26.033850: ReqId=-1, Code=2104, Msg=Market data farm connection is OK:cashfarm
2026-02-17 10:41:26.033850: ReqId=-1, Code=2104, Msg=Market data farm connection is OK:usfarm
2026-02-17 10:41:26.033850: ReqId=-1, Code=2106, Msg=HMDS data farm connection is OK:euhmds
2026-02-17 10:41:26.033850: ReqId=-1, Code=2106, Msg=HMDS data farm connection is OK:fundfarm
2026-02-17 10:41:26.035356: ReqId=-1, Code=2106, Msg=HMDS data farm connection is OK:ushmds
2026-02-17 10:41:26.035356: ReqId=-1, Code=2158, Msg=Sec-def data farm connection is OK:secdefnj
2026-02-17 10:41:26.685129: ReqId=2002, Code=430, Msg=The fundamentals data for the security specified is not available.failed to fetch
2026-02-17 10:41:36.843681: ReqId=2003, Code=430, Msg=The fundamentals data for the security specified is not available.failed to fetch
2026-02-17 10:41:52.481581: ReqId=2016, Code=430, Msg=The fundamentals data for the security specified is not available.failed to fetch
2026-02-17 10:42:02.314388: ReqId=2017, Code=430, Msg=The fundamentals data for the security specified is not available.failed to fetch
2026-02-17 10:42:12.323598: ReqId=2018, Code=430, Msg=The fundamentals data for the security specified is not available.failed to fetch
2026-02-17 10:42:22.421949: ReqId=2020, Code=2176, Msg=Warning: Your API version does not support fractional share size rules. Please upgrade to a minimum version 163. Trimmed value 19140.83 to 19140
2026-02-17 10:42:22.516489: ReqId=2021, Code=2176, Msg=Warning: Your API version does not support fractional share size rules. Please upgrade to a minimum version 163. Trimmed value 464.33 to 464
2026-02-17 10:42:22.609619: ReqId=2022, Code=2176, Msg=Warning: Your API version does not support fractional share size rules. Please upgrade to a minimum version 163. Trimmed value 4081.25 to 4081
2026-02-17 10:42:22.714401: ReqId=2023, Code=2176, Msg=Warning: Your API version does not support fractional share size rules. Please upgrade to a minimum version 163. Trimmed value 2165.24 to 2165
2026-02-17 10:42:22.815917: ReqId=2024, Code=2176, Msg=Warning: Your API version does not support fractional share size rules. Please upgrade to a minimum version 163. Trimmed value 7536.48 to 7536
2026-02-17 10:42:22.916445: ReqId=2025, Code=2176, Msg=Warning: Your API version does not support fractional share size rules. Please upgrade to a minimum version 163. Trimmed value 238.32 to 238
2026-02-17 10:42:23.052007: ReqId=2026, Code=2176, Msg=Warning: Your API version does not support fractional share size rules. Please upgrade to a minimum version 163. Trimmed value 1517.3 to 1517
2026-02-17 10:42:23.236569: ReqId=2027, Code=2176, Msg=Warning: Your API version does not support fractional share size rules. Please upgrade to a minimum version 163. Trimmed value 5644.03 to 5644
2026-02-17 10:42:23.334107: ReqId=2028, Code=2176, Msg=Warning: Your API version does not support fractional share size rules. Please upgrade to a minimum version 163. Trimmed value 33633.06 to 33633
2026-02-17 10:42:23.418144: ReqId=2029, Code=2176, Msg=Warning: Your API version does not support fractional share size rules. Please upgrade to a minimum version 163. Trimmed value 83137.46 to 83137
2026-02-17 10:42:23.517668: ReqId=2030, Code=2176, Msg=Warning: Your API version does not support fractional share size rules. Please upgrade to a minimum version 163. Trimmed value 48930.06 to 48930
2026-02-17 10:42:23.616715: ReqId=2031, Code=2176, Msg=Warning: Your API version does not support fractional share size rules. Please upgrade to a minimum version 163. Trimmed value 15994.09 to 15994
2026-02-17 10:42:23.723264: ReqId=2032, Code=2176, Msg=Warning: Your API version does not support fractional share size rules. Please upgrade to a minimum version 163. Trimmed value 28.64 to 28
2026-02-17 10:42:23.824307: ReqId=2033, Code=2176, Msg=Warning: Your API version does not support fractional share size rules. Please upgrade to a minimum version 163. Trimmed value 18452.04 to 18452
2026-02-17 10:42:23.920830: ReqId=2034, Code=2176, Msg=Warning: Your API version does not support fractional share size rules. Please upgrade to a minimum version 163. Trimmed value 2210.4 to 2210
2026-02-17 10:42:24.017204: ReqId=2035, Code=2176, Msg=Warning: Your API version does not support fractional share size rules. Please upgrade to a minimum version 163. Trimmed value 16572.29 to 16572
2026-02-17 10:42:24.123274: ReqId=2036, Code=2176, Msg=Warning: Your API version does not support fractional share size rules. Please upgrade to a minimum version 163. Trimmed value 89.78 to 89
2026-02-17 10:42:24.255123: ReqId=2037, Code=2176, Msg=Warning: Your API version does not support fractional share size rules. Please upgrade to a minimum version 163. Trimmed value 104.43 to 104
2026-02-17 10:42:24.458227: ReqId=2038, Code=2176, Msg=Warning: Your API version does not support fractional share size rules. Please upgrade to a minimum version 163. Trimmed value 17653.81 to 17653
2026-02-17 10:42:24.628051: ReqId=2039, Code=2176, Msg=Warning: Your API version does not support fractional share size rules. Please upgrade to a minimum version 163. Trimmed value 7195.14 to 7195
2026-02-17 10:42:24.777111: ReqId=2041, Code=2176, Msg=Warning: Your API version does not support fractional share size rules. Please upgrade to a minimum version 163. Trimmed value 177.45 to 177
2026-02-17 10:42:24.973298: ReqId=2043, Code=2176, Msg=Warning: Your API version does not support fractional share size rules. Please upgrade to a minimum version 163. Trimmed value 1.03 to 1
2026-02-17 10:42:25.168133: ReqId=2045, Code=2176, Msg=Warning: Your API version does not support fractional share size rules. Please upgrade to a minimum version 163. Trimmed value 23.36 to 23
2026-02-17 10:42:25.470103: ReqId=2047, Code=2176, Msg=Warning: Your API version does not support fractional share size rules. Please upgrade to a minimum version 163. Trimmed value 4.2 to 4
2026-02-17 10:42:25.769725: ReqId=2049, Code=2176, Msg=Warning: Your API version does not support fractional share size rules. Please upgrade to a minimum version 163. Trimmed value 36.15 to 36
2026-02-17 10:42:25.825245: ReqId=2051, Code=2176, Msg=Warning: Your API version does not support fractional share size rules. Please upgrade to a minimum version 163. Trimmed value 8.97 to 8
2026-02-17 10:42:25.841749: ReqId=2055, Code=2176, Msg=Warning: Your API version does not support fractional share size rules. Please upgrade to a minimum version 163. Trimmed value 1.99 to 1
2026-02-17 10:42:25.947376: ReqId=2057, Code=2176, Msg=Warning: Your API version does not support fractional share size rules. Please upgrade to a minimum version 163. Trimmed value 1.11 to 1
2026-02-17 10:42:25.963979: ReqId=2059, Code=2176, Msg=Warning: Your API version does not support fractional share size rules. Please upgrade to a minimum version 163. Trimmed value 23.75 to 23
2026-02-17 10:42:25.979489: ReqId=2061, Code=2176, Msg=Warning: Your API version does not support fractional share size rules. Please upgrade to a minimum version 163. Trimmed value 171.13 to 171
2026-02-17 10:42:26.006489: ReqId=2063, Code=2176, Msg=Warning: Your API version does not support fractional share size rules. Please upgrade to a minimum version 163. Trimmed value 2759.51 to 2759
2026-02-17 10:42:26.013996: ReqId=2065, Code=2176, Msg=Warning: Your API version does not support fractional share size rules. Please upgrade to a minimum version 163. Trimmed value 3.37 to 3
2026-02-17 10:42:26.027999: ReqId=2067, Code=2176, Msg=Warning: Your API version does not support fractional share size rules. Please upgrade to a minimum version 163. Trimmed value 15.04 to 15
2026-02-17 10:42:26.055512: ReqId=2053, Code=2176, Msg=Warning: Your API version does not support fractional share size rules. Please upgrade to a minimum version 163. Trimmed value 1.5 to 1
2026-02-17 10:42:26.070783: ReqId=2069, Code=2176, Msg=Warning: Your API version does not support fractional share size rules. Please upgrade to a minimum version 163. Trimmed value 1.5 to 1
2026-02-17 10:42:26.087991: ReqId=2071, Code=2176, Msg=Warning: Your API version does not support fractional share size rules. Please upgrade to a minimum version 163. Trimmed value 2.3 to 2
2026-02-17 10:42:26.105994: ReqId=2073, Code=2176, Msg=Warning: Your API version does not support fractional share size rules. Please upgrade to a minimum version 163. Trimmed value 35.75 to 35
2026-02-17 10:42:26.119990: ReqId=2075, Code=2176, Msg=Warning: Your API version does not support fractional share size rules. Please upgrade to a minimum version 163. Trimmed value 17.48 to 17
2026-02-17 10:42:26.137506: ReqId=2077, Code=2176, Msg=Warning: Your API version does not support fractional share size rules. Please upgrade to a minimum version 163. Trimmed value 6.53 to 6
2026-02-17 10:42:26.194334: ReqId=2079, Code=2176, Msg=Warning: Your API version does not support fractional share size rules. Please upgrade to a minimum version 163. Trimmed value 54.46 to 54
2026-02-17 10:43:38.557817: ReqId=-1, Code=2104, Msg=Market data farm connection is OK:hfarm
2026-02-17 10:43:38.558820: ReqId=-1, Code=2104, Msg=Market data farm connection is OK:usfarm.nj
2026-02-17 10:43:38.558820: ReqId=-1, Code=2104, Msg=Market data farm connection is OK:jfarm
2026-02-17 10:43:38.559819: ReqId=-1, Code=2104, Msg=Market data farm connection is OK:cashfarm
2026-02-17 10:43:38.559819: ReqId=-1, Code=2104, Msg=Market data farm connection is OK:usfarm
2026-02-17 10:43:38.559819: ReqId=-1, Code=2106, Msg=HMDS data farm connection is OK:euhmds
2026-02-17 10:43:38.559819: ReqId=-1, Code=2106, Msg=HMDS data farm connection is OK:fundfarm
2026-02-17 10:43:38.560819: ReqId=-1, Code=2106, Msg=HMDS data farm connection is OK:ushmds
2026-02-17 10:43:38.560819: ReqId=-1, Code=2158, Msg=Sec-def data farm connection is OK:secdefnj
2026-02-17 10:43:44.232213: ReqId=2011, Code=430, Msg=The fundamentals data for the security specified is not available.failed to fetch
2026-02-17 10:43:55.816637: ReqId=2015, Code=430, Msg=The fundamentals data for the security specified is not available.failed to fetch
2026-02-17 10:44:05.398724: ReqId=2016, Code=430, Msg=The fundamentals data for the security specified is not available.failed to fetch
2026-02-17 10:44:15.887665: ReqId=2018, Code=430, Msg=The fundamentals data for the security specified is not available.failed to fetch
2026-02-17 10:44:25.812312: ReqId=2020, Code=2176, Msg=Warning: Your API version does not support fractional share size rules. Please upgrade to a minimum version 163. Trimmed value 15994.09 to 15994
2026-02-17 10:44:25.911571: ReqId=2021, Code=2176, Msg=Warning: Your API version does not support fractional share size rules. Please upgrade to a minimum version 163. Trimmed value 5736.39 to 5736
2026-02-17 10:44:26.025137: ReqId=2022, Code=2176, Msg=Warning: Your API version does not support fractional share size rules. Please upgrade to a minimum version 163. Trimmed value 18452.04 to 18452
2026-02-17 10:44:26.183182: ReqId=2023, Code=2176, Msg=Warning: Your API version does not support fractional share size rules. Please upgrade to a minimum version 163. Trimmed value 19140.83 to 19140
2026-02-17 10:44:26.355234: ReqId=2024, Code=2176, Msg=Warning: Your API version does not support fractional share size rules. Please upgrade to a minimum version 163. Trimmed value 1550.34 to 1550
2026-02-17 10:44:26.519041: ReqId=2025, Code=2176, Msg=Warning: Your API version does not support fractional share size rules. Please upgrade to a minimum version 163. Trimmed value 7536.48 to 7536
2026-02-17 10:44:26.621084: ReqId=2026, Code=2176, Msg=Warning: Your API version does not support fractional share size rules. Please upgrade to a minimum version 163. Trimmed value 28.64 to 28
2026-02-17 10:44:26.716883: ReqId=2027, Code=2176, Msg=Warning: Your API version does not support fractional share size rules. Please upgrade to a minimum version 163. Trimmed value 5644.03 to 5644
2026-02-17 10:44:26.820447: ReqId=2028, Code=2176, Msg=Warning: Your API version does not support fractional share size rules. Please upgrade to a minimum version 163. Trimmed value 7195.14 to 7195
2026-02-17 10:44:26.915325: ReqId=2029, Code=2176, Msg=Warning: Your API version does not support fractional share size rules. Please upgrade to a minimum version 163. Trimmed value 48930.06 to 48930
2026-02-17 10:44:27.023020: ReqId=2030, Code=2176, Msg=Warning: Your API version does not support fractional share size rules. Please upgrade to a minimum version 163. Trimmed value 16572.29 to 16572
2026-02-17 10:44:27.127062: ReqId=2031, Code=2176, Msg=Warning: Your API version does not support fractional share size rules. Please upgrade to a minimum version 163. Trimmed value 2165.24 to 2165
2026-02-17 10:44:27.221092: ReqId=2032, Code=2176, Msg=Warning: Your API version does not support fractional share size rules. Please upgrade to a minimum version 163. Trimmed value 238.32 to 238
2026-02-17 10:44:27.322567: ReqId=2033, Code=2176, Msg=Warning: Your API version does not support fractional share size rules. Please upgrade to a minimum version 163. Trimmed value 2210.4 to 2210
2026-02-17 10:44:27.424669: ReqId=2034, Code=2176, Msg=Warning: Your API version does not support fractional share size rules. Please upgrade to a minimum version 163. Trimmed value 83137.46 to 83137
2026-02-17 10:44:27.528720: ReqId=2035, Code=2176, Msg=Warning: Your API version does not support fractional share size rules. Please upgrade to a minimum version 163. Trimmed value 4081.25 to 4081
2026-02-17 10:44:27.624038: ReqId=2036, Code=2176, Msg=Warning: Your API version does not support fractional share size rules. Please upgrade to a minimum version 163. Trimmed value 17653.81 to 17653
2026-02-17 10:44:27.726074: ReqId=2037, Code=2176, Msg=Warning: Your API version does not support fractional share size rules. Please upgrade to a minimum version 163. Trimmed value 464.33 to 464
2026-02-17 10:44:27.820724: ReqId=2038, Code=2176, Msg=Warning: Your API version does not support fractional share size rules. Please upgrade to a minimum version 163. Trimmed value 89.78 to 89
2026-02-17 10:44:27.942348: ReqId=2039, Code=2176, Msg=Warning: Your API version does not support fractional share size rules. Please upgrade to a minimum version 163. Trimmed value 33633.06 to 33633
2026-02-17 10:44:28.282390: ReqId=2041, Code=2176, Msg=Warning: Your API version does not support fractional share size rules. Please upgrade to a minimum version 163. Trimmed value 2759.51 to 2759
2026-02-17 10:44:28.480315: ReqId=2043, Code=2176, Msg=Warning: Your API version does not support fractional share size rules. Please upgrade to a minimum version 163. Trimmed value 48.95 to 48
2026-02-17 10:44:28.770932: ReqId=2045, Code=2176, Msg=Warning: Your API version does not support fractional share size rules. Please upgrade to a minimum version 163. Trimmed value 15.04 to 15
2026-02-17 10:44:29.076182: ReqId=2047, Code=2176, Msg=Warning: Your API version does not support fractional share size rules. Please upgrade to a minimum version 163. Trimmed value 177.45 to 177
2026-02-17 10:44:29.102180: ReqId=2051, Code=2176, Msg=Warning: Your API version does not support fractional share size rules. Please upgrade to a minimum version 163. Trimmed value 36.15 to 36
2026-02-17 10:44:29.115184: ReqId=2053, Code=2176, Msg=Warning: Your API version does not support fractional share size rules. Please upgrade to a minimum version 163. Trimmed value 3.37 to 3
2026-02-17 10:44:29.186889: ReqId=2055, Code=2176, Msg=Warning: Your API version does not support fractional share size rules. Please upgrade to a minimum version 163. Trimmed value 1.99 to 1
2026-02-17 10:44:29.198892: ReqId=2057, Code=2176, Msg=Warning: Your API version does not support fractional share size rules. Please upgrade to a minimum version 163. Trimmed value 54.46 to 54
2026-02-17 10:44:29.207889: ReqId=2061, Code=2176, Msg=Warning: Your API version does not support fractional share size rules. Please upgrade to a minimum version 163. Trimmed value 2.3 to 2
2026-02-17 10:44:29.221906: ReqId=2059, Code=2176, Msg=Warning: Your API version does not support fractional share size rules. Please upgrade to a minimum version 163. Trimmed value 171.13 to 171
2026-02-17 10:44:29.259175: ReqId=2063, Code=2176, Msg=Warning: Your API version does not support fractional share size rules. Please upgrade to a minimum version 163. Trimmed value 4.2 to 4
2026-02-17 10:44:29.274767: ReqId=2065, Code=2176, Msg=Warning: Your API version does not support fractional share size rules. Please upgrade to a minimum version 163. Trimmed value 8.97 to 8
2026-02-17 10:44:29.296765: ReqId=2067, Code=2176, Msg=Warning: Your API version does not support fractional share size rules. Please upgrade to a minimum version 163. Trimmed value 1.5 to 1
2026-02-17 10:44:29.309772: ReqId=2069, Code=2176, Msg=Warning: Your API version does not support fractional share size rules. Please upgrade to a minimum version 163. Trimmed value 23.75 to 23
2026-02-17 10:44:29.323669: ReqId=2049, Code=2176, Msg=Warning: Your API version does not support fractional share size rules. Please upgrade to a minimum version 163. Trimmed value 1.5 to 1
2026-02-17 10:44:29.335666: ReqId=2071, Code=2176, Msg=Warning: Your API version does not support fractional share size rules. Please upgrade to a minimum version 163. Trimmed value 23.36 to 23
2026-02-17 10:44:29.358188: ReqId=2073, Code=2176, Msg=Warning: Your API version does not support fractional share size rules. Please upgrade to a minimum version 163. Trimmed value 6.53 to 6
2026-02-17 10:44:29.376595: ReqId=2075, Code=2176, Msg=Warning: Your API version does not support fractional share size rules. Please upgrade to a minimum version 163. Trimmed value 1.03 to 1
2026-02-17 10:44:29.392593: ReqId=2077, Code=2176, Msg=Warning: Your API version does not support fractional share size rules. Please upgrade to a minimum version 163. Trimmed value 35.75 to 35
2026-02-17 10:44:29.478829: ReqId=2079, Code=2176, Msg=Warning: Your API version does not support fractional share size rules. Please upgrade to a minimum version 163. Trimmed value 1.11 to 1
2026-02-17 10:46:55.792368: ReqId=-1, Code=2104, Msg=Market data farm connection is OK:hfarm
2026-02-17 10:46:55.793371: ReqId=-1, Code=2104, Msg=Market data farm connection is OK:usfarm.nj
2026-02-17 10:46:55.793371: ReqId=-1, Code=2104, Msg=Market data farm connection is OK:jfarm
2026-02-17 10:46:55.793371: ReqId=-1, Code=2104, Msg=Market data farm connection is OK:cashfarm
2026-02-17 10:46:55.794374: ReqId=-1, Code=2104, Msg=Market data farm connection is OK:usfarm
2026-02-17 10:46:55.794374: ReqId=-1, Code=2106, Msg=HMDS data farm connection is OK:euhmds
2026-02-17 10:46:55.795370: ReqId=-1, Code=2106, Msg=HMDS data farm connection is OK:fundfarm
2026-02-17 10:46:55.795370: ReqId=-1, Code=2106, Msg=HMDS data farm connection is OK:ushmds
2026-02-17 10:46:55.795370: ReqId=-1, Code=2158, Msg=Sec-def data farm connection is OK:secdefnj
2026-02-17 10:46:56.186016: ReqId=2001, Code=430, Msg=The fundamentals data for the security specified is not available.failed to fetch
2026-02-17 10:47:06.806097: ReqId=2005, Code=430, Msg=The fundamentals data for the security specified is not available.failed to fetch
2026-02-17 10:47:16.923589: ReqId=2007, Code=430, Msg=The fundamentals data for the security specified is not available.failed to fetch
2026-02-17 10:47:32.229601: ReqId=2020, Code=2176, Msg=Warning: Your API version does not support fractional share size rules. Please upgrade to a minimum version 163. Trimmed value 238.32 to 238
2026-02-17 10:47:32.332651: ReqId=2021, Code=2176, Msg=Warning: Your API version does not support fractional share size rules. Please upgrade to a minimum version 163. Trimmed value 89.78 to 89
2026-02-17 10:47:32.434352: ReqId=2022, Code=2176, Msg=Warning: Your API version does not support fractional share size rules. Please upgrade to a minimum version 163. Trimmed value 18452.04 to 18452
2026-02-17 10:47:32.533987: ReqId=2023, Code=2176, Msg=Warning: Your API version does not support fractional share size rules. Please upgrade to a minimum version 163. Trimmed value 174.81 to 174
2026-02-17 10:47:32.669552: ReqId=2024, Code=2176, Msg=Warning: Your API version does not support fractional share size rules. Please upgrade to a minimum version 163. Trimmed value 2275.9 to 2275
2026-02-17 10:47:32.834141: ReqId=2025, Code=2176, Msg=Warning: Your API version does not support fractional share size rules. Please upgrade to a minimum version 163. Trimmed value 2165.24 to 2165
2026-02-17 10:47:32.935494: ReqId=2026, Code=2176, Msg=Warning: Your API version does not support fractional share size rules. Please upgrade to a minimum version 163. Trimmed value 464.33 to 464
2026-02-17 10:47:33.035569: ReqId=2027, Code=2176, Msg=Warning: Your API version does not support fractional share size rules. Please upgrade to a minimum version 163. Trimmed value 4081.25 to 4081
2026-02-17 10:47:33.138178: ReqId=2028, Code=2176, Msg=Warning: Your API version does not support fractional share size rules. Please upgrade to a minimum version 163. Trimmed value 33633.06 to 33633
2026-02-17 10:47:33.237543: ReqId=2029, Code=2176, Msg=Warning: Your API version does not support fractional share size rules. Please upgrade to a minimum version 163. Trimmed value 2210.4 to 2210
2026-02-17 10:47:33.336582: ReqId=2030, Code=2176, Msg=Warning: Your API version does not support fractional share size rules. Please upgrade to a minimum version 163. Trimmed value 19140.83 to 19140
2026-02-17 10:47:33.448300: ReqId=2031, Code=2176, Msg=Warning: Your API version does not support fractional share size rules. Please upgrade to a minimum version 163. Trimmed value 16572.29 to 16572
2026-02-17 10:47:33.538824: ReqId=2032, Code=2176, Msg=Warning: Your API version does not support fractional share size rules. Please upgrade to a minimum version 163. Trimmed value 7195.14 to 7195
2026-02-17 10:47:33.637507: ReqId=2033, Code=2176, Msg=Warning: Your API version does not support fractional share size rules. Please upgrade to a minimum version 163. Trimmed value 15994.09 to 15994
2026-02-17 10:47:33.774070: ReqId=2034, Code=2176, Msg=Warning: Your API version does not support fractional share size rules. Please upgrade to a minimum version 163. Trimmed value 13740.66 to 13740
2026-02-17 10:47:33.976659: ReqId=2035, Code=2176, Msg=Warning: Your API version does not support fractional share size rules. Please upgrade to a minimum version 163. Trimmed value 1577.74 to 1577
2026-02-17 10:47:34.142196: ReqId=2036, Code=2176, Msg=Warning: Your API version does not support fractional share size rules. Please upgrade to a minimum version 163. Trimmed value 5644.03 to 5644
2026-02-17 10:47:34.244946: ReqId=2037, Code=2176, Msg=Warning: Your API version does not support fractional share size rules. Please upgrade to a minimum version 163. Trimmed value 83137.46 to 83137
2026-02-17 10:47:34.347912: ReqId=2038, Code=2176, Msg=Warning: Your API version does not support fractional share size rules. Please upgrade to a minimum version 163. Trimmed value 48930.06 to 48930
2026-02-17 10:47:34.452570: ReqId=2039, Code=2176, Msg=Warning: Your API version does not support fractional share size rules. Please upgrade to a minimum version 163. Trimmed value 7536.48 to 7536
2026-02-17 10:47:34.589846: ReqId=2041, Code=2176, Msg=Warning: Your API version does not support fractional share size rules. Please upgrade to a minimum version 163. Trimmed value 8.97 to 8
2026-02-17 10:47:34.985870: ReqId=2043, Code=2176, Msg=Warning: Your API version does not support fractional share size rules. Please upgrade to a minimum version 163. Trimmed value 35.75 to 35
2026-02-17 10:47:35.297394: ReqId=2045, Code=2176, Msg=Warning: Your API version does not support fractional share size rules. Please upgrade to a minimum version 163. Trimmed value 15.04 to 15
2026-02-17 10:47:35.481758: ReqId=2047, Code=2176, Msg=Warning: Your API version does not support fractional share size rules. Please upgrade to a minimum version 163. Trimmed value 2.03 to 2
2026-02-17 10:47:35.598957: ReqId=2049, Code=2176, Msg=Warning: Your API version does not support fractional share size rules. Please upgrade to a minimum version 163. Trimmed value 5.79 to 5
2026-02-17 10:47:35.637160: ReqId=2051, Code=2176, Msg=Warning: Your API version does not support fractional share size rules. Please upgrade to a minimum version 163. Trimmed value 4.2 to 4
2026-02-17 10:47:35.669183: ReqId=2053, Code=2176, Msg=Warning: Your API version does not support fractional share size rules. Please upgrade to a minimum version 163. Trimmed value 1.03 to 1
2026-02-17 10:47:35.694395: ReqId=2055, Code=2176, Msg=Warning: Your API version does not support fractional share size rules. Please upgrade to a minimum version 163. Trimmed value 23.36 to 23
2026-02-17 10:47:35.757411: ReqId=2057, Code=2176, Msg=Warning: Your API version does not support fractional share size rules. Please upgrade to a minimum version 163. Trimmed value 1.11 to 1
2026-02-17 10:47:35.770927: ReqId=2059, Code=2176, Msg=Warning: Your API version does not support fractional share size rules. Please upgrade to a minimum version 163. Trimmed value 1.5 to 1
2026-02-17 10:47:35.780470: ReqId=2061, Code=2176, Msg=Warning: Your API version does not support fractional share size rules. Please upgrade to a minimum version 163. Trimmed value 177.45 to 177
2026-02-17 10:47:35.808761: ReqId=2063, Code=2176, Msg=Warning: Your API version does not support fractional share size rules. Please upgrade to a minimum version 163. Trimmed value 2.3 to 2
2026-02-17 10:47:35.836767: ReqId=2065, Code=2176, Msg=Warning: Your API version does not support fractional share size rules. Please upgrade to a minimum version 163. Trimmed value 54.46 to 54
2026-02-17 10:47:35.878796: ReqId=2067, Code=2176, Msg=Warning: Your API version does not support fractional share size rules. Please upgrade to a minimum version 163. Trimmed value 2759.51 to 2759
2026-02-17 10:47:35.895818: ReqId=2069, Code=2176, Msg=Warning: Your API version does not support fractional share size rules. Please upgrade to a minimum version 163. Trimmed value 1.4 to 1
2026-02-17 10:47:35.918328: ReqId=2073, Code=2176, Msg=Warning: Your API version does not support fractional share size rules. Please upgrade to a minimum version 163. Trimmed value 1.99 to 1
2026-02-17 10:47:35.935336: ReqId=2075, Code=2176, Msg=Warning: Your API version does not support fractional share size rules. Please upgrade to a minimum version 163. Trimmed value 23.75 to 23
2026-02-17 10:47:35.958847: ReqId=2077, Code=2176, Msg=Warning: Your API version does not support fractional share size rules. Please upgrade to a minimum version 163. Trimmed value 171.13 to 171
2026-02-17 10:47:35.979326: ReqId=2079, Code=2176, Msg=Warning: Your API version does not support fractional share size rules. Please upgrade to a minimum version 163. Trimmed value 36.15 to 36
2026-02-17 10:47:36.001565: ReqId=2071, Code=2176, Msg=Warning: Your API version does not support fractional share size rules. Please upgrade to a minimum version 163. Trimmed value 1.5 to 1
2026-02-17 10:48:18.140218: ReqId=-1, Code=2104, Msg=Market data farm connection is OK:usopt.nj
2026-02-17 10:48:19.184014: ReqId=-1, Code=2104, Msg=Market data farm connection is OK:eufarm
2026-02-17 10:48:19.188011: ReqId=-1, Code=2104, Msg=Market data farm connection is OK:afarm
2026-02-17 10:48:28.419189: ReqId=-1, Code=2104, Msg=Market data farm connection is OK:hfarm
2026-02-17 10:48:28.419189: ReqId=-1, Code=2104, Msg=Market data farm connection is OK:usfarm.nj
2026-02-17 10:48:28.420187: ReqId=-1, Code=2104, Msg=Market data farm connection is OK:eufarm
2026-02-17 10:48:28.420187: ReqId=-1, Code=2104, Msg=Market data farm connection is OK:jfarm
2026-02-17 10:48:28.421187: ReqId=-1, Code=2104, Msg=Market data farm connection is OK:afarm
2026-02-17 10:48:28.421187: ReqId=-1, Code=2104, Msg=Market data farm connection is OK:usopt.nj
2026-02-17 10:48:28.421187: ReqId=-1, Code=2104, Msg=Market data farm connection is OK:cashfarm
2026-02-17 10:48:28.421187: ReqId=-1, Code=2104, Msg=Market data farm connection is OK:usfarm
2026-02-17 10:48:28.422187: ReqId=-1, Code=2106, Msg=HMDS data farm connection is OK:euhmds
2026-02-17 10:48:28.422187: ReqId=-1, Code=2106, Msg=HMDS data farm connection is OK:fundfarm
2026-02-17 10:48:28.422187: ReqId=-1, Code=2106, Msg=HMDS data farm connection is OK:ushmds
2026-02-17 10:48:28.422187: ReqId=-1, Code=2158, Msg=Sec-def data farm connection is OK:secdefnj
2026-02-17 10:48:31.160926: ReqId=2008, Code=430, Msg=The fundamentals data for the security specified is not available.failed to fetch
2026-02-17 10:48:41.487880: ReqId=2011, Code=430, Msg=The fundamentals data for the security specified is not available.failed to fetch
2026-02-17 10:48:52.822898: ReqId=2018, Code=430, Msg=The fundamentals data for the security specified is not available.failed to fetch
2026-02-17 10:49:02.818969: ReqId=2021, Code=2176, Msg=Warning: Your API version does not support fractional share size rules. Please upgrade to a minimum version 163. Trimmed value 8.97 to 8
2026-02-17 10:49:03.129272: ReqId=2023, Code=2176, Msg=Warning: Your API version does not support fractional share size rules. Please upgrade to a minimum version 163. Trimmed value 15.04 to 15
2026-02-17 10:49:03.343672: ReqId=2025, Code=2176, Msg=Warning: Your API version does not support fractional share size rules. Please upgrade to a minimum version 163. Trimmed value 1.5 to 1
2026-02-17 10:49:03.616710: ReqId=2027, Code=2176, Msg=Warning: Your API version does not support fractional share size rules. Please upgrade to a minimum version 163. Trimmed value 1.03 to 1
2026-02-17 10:49:03.836090: ReqId=2029, Code=2176, Msg=Warning: Your API version does not support fractional share size rules. Please upgrade to a minimum version 163. Trimmed value 48.95 to 48
2026-02-17 10:49:03.955719: ReqId=2031, Code=2176, Msg=Warning: Your API version does not support fractional share size rules. Please upgrade to a minimum version 163. Trimmed value 1.11 to 1
2026-02-17 10:49:03.972229: ReqId=2035, Code=2176, Msg=Warning: Your API version does not support fractional share size rules. Please upgrade to a minimum version 163. Trimmed value 1.4 to 1
2026-02-17 10:49:03.998235: ReqId=2033, Code=2176, Msg=Warning: Your API version does not support fractional share size rules. Please upgrade to a minimum version 163. Trimmed value 171.13 to 171
2026-02-17 10:49:04.033397: ReqId=2037, Code=2176, Msg=Warning: Your API version does not support fractional share size rules. Please upgrade to a minimum version 163. Trimmed value 23.36 to 23
2026-02-17 10:49:04.045396: ReqId=2041, Code=2176, Msg=Warning: Your API version does not support fractional share size rules. Please upgrade to a minimum version 163. Trimmed value 36.15 to 36
2026-02-17 10:49:04.060397: ReqId=2039, Code=2176, Msg=Warning: Your API version does not support fractional share size rules. Please upgrade to a minimum version 163. Trimmed value 23.75 to 23
2026-02-17 10:49:04.077905: ReqId=2043, Code=2176, Msg=Warning: Your API version does not support fractional share size rules. Please upgrade to a minimum version 163. Trimmed value 4.2 to 4
2026-02-17 10:49:04.101910: ReqId=2045, Code=2176, Msg=Warning: Your API version does not support fractional share size rules. Please upgrade to a minimum version 163. Trimmed value 1.99 to 1
2026-02-17 10:49:04.112497: ReqId=2047, Code=2176, Msg=Warning: Your API version does not support fractional share size rules. Please upgrade to a minimum version 163. Trimmed value 2.03 to 2
2026-02-17 10:49:04.128496: ReqId=2051, Code=2176, Msg=Warning: Your API version does not support fractional share size rules. Please upgrade to a minimum version 163. Trimmed value 177.45 to 177
2026-02-17 10:49:04.152498: ReqId=2053, Code=2176, Msg=Warning: Your API version does not support fractional share size rules. Please upgrade to a minimum version 163. Trimmed value 2.3 to 2
2026-02-17 10:49:04.186550: ReqId=2055, Code=2176, Msg=Warning: Your API version does not support fractional share size rules. Please upgrade to a minimum version 163. Trimmed value 2759.51 to 2759
2026-02-17 10:49:04.201558: ReqId=2057, Code=2176, Msg=Warning: Your API version does not support fractional share size rules. Please upgrade to a minimum version 163. Trimmed value 35.75 to 35
2026-02-17 10:49:04.212426: ReqId=2049, Code=2176, Msg=Warning: Your API version does not support fractional share size rules. Please upgrade to a minimum version 163. Trimmed value 1.5 to 1
2026-02-17 10:49:04.267938: ReqId=2059, Code=2176, Msg=Warning: Your API version does not support fractional share size rules. Please upgrade to a minimum version 163. Trimmed value 54.46 to 54
2026-02-17 10:51:08.074451: ReqId=-1, Code=2108, Msg=Market data farm connection is inactive but should be available upon demand.hfarm
2026-02-17 10:51:08.076452: ReqId=-1, Code=2108, Msg=Market data farm connection is inactive but should be available upon demand.jfarm
2026-02-17 10:51:08.076452: ReqId=-1, Code=2108, Msg=Market data farm connection is inactive but should be available upon demand.jfarm
2026-02-17 10:51:08.077452: ReqId=-1, Code=2108, Msg=Market data farm connection is inactive but should be available upon demand.hfarm
2026-02-17 10:58:50.486596: ReqId=-1, Code=2104, Msg=Market data farm connection is OK:usfarm.nj
2026-02-17 10:58:50.486596: ReqId=-1, Code=2104, Msg=Market data farm connection is OK:eufarm
2026-02-17 10:58:50.487593: ReqId=-1, Code=2104, Msg=Market data farm connection is OK:afarm
2026-02-17 10:58:50.487593: ReqId=-1, Code=2104, Msg=Market data farm connection is OK:usopt.nj
2026-02-17 10:58:50.487593: ReqId=-1, Code=2104, Msg=Market data farm connection is OK:cashfarm
2026-02-17 10:58:50.487593: ReqId=-1, Code=2104, Msg=Market data farm connection is OK:usfarm
2026-02-17 10:58:50.488595: ReqId=-1, Code=2106, Msg=HMDS data farm connection is OK:euhmds
2026-02-17 10:58:50.488595: ReqId=-1, Code=2106, Msg=HMDS data farm connection is OK:fundfarm
2026-02-17 10:58:50.488595: ReqId=-1, Code=2106, Msg=HMDS data farm connection is OK:ushmds
2026-02-17 10:58:50.488595: ReqId=-1, Code=2158, Msg=Sec-def data farm connection is OK:secdefnj
2026-02-17 10:58:50.892281: ReqId=2001, Code=430, Msg=The fundamentals data for the security specified is not available.failed to fetch
2026-02-17 10:59:00.966948: ReqId=2003, Code=430, Msg=The fundamentals data for the security specified is not available.failed to fetch
2026-02-17 10:59:11.292243: ReqId=2006, Code=430, Msg=The fundamentals data for the security specified is not available.failed to fetch
2026-02-17 10:59:26.369135: ReqId=2018, Code=430, Msg=The fundamentals data for the security specified is not available.failed to fetch
2026-02-17 10:59:36.368709: ReqId=2020, Code=2176, Msg=Warning: Your API version does not support fractional share size rules. Please upgrade to a minimum version 163. Trimmed value 174.81 to 174
2026-02-17 10:59:36.462793: ReqId=2021, Code=2176, Msg=Warning: Your API version does not support fractional share size rules. Please upgrade to a minimum version 163. Trimmed value 89.78 to 89
2026-02-17 10:59:36.568881: ReqId=2022, Code=2176, Msg=Warning: Your API version does not support fractional share size rules. Please upgrade to a minimum version 163. Trimmed value 18452.04 to 18452
2026-02-17 10:59:36.675688: ReqId=2023, Code=2176, Msg=Warning: Your API version does not support fractional share size rules. Please upgrade to a minimum version 163. Trimmed value 4081.25 to 4081
2026-02-17 10:59:36.803731: ReqId=2024, Code=2176, Msg=Warning: Your API version does not support fractional share size rules. Please upgrade to a minimum version 163. Trimmed value 1617.6 to 1617
2026-02-17 10:59:36.968439: ReqId=2025, Code=2176, Msg=Warning: Your API version does not support fractional share size rules. Please upgrade to a minimum version 163. Trimmed value 7195.14 to 7195
2026-02-17 10:59:37.072116: ReqId=2026, Code=2176, Msg=Warning: Your API version does not support fractional share size rules. Please upgrade to a minimum version 163. Trimmed value 2165.24 to 2165
2026-02-17 10:59:37.169211: ReqId=2027, Code=2176, Msg=Warning: Your API version does not support fractional share size rules. Please upgrade to a minimum version 163. Trimmed value 19140.83 to 19140
2026-02-17 10:59:37.270313: ReqId=2028, Code=2176, Msg=Warning: Your API version does not support fractional share size rules. Please upgrade to a minimum version 163. Trimmed value 16572.29 to 16572
2026-02-17 10:59:37.368406: ReqId=2029, Code=2176, Msg=Warning: Your API version does not support fractional share size rules. Please upgrade to a minimum version 163. Trimmed value 48930.06 to 48930
2026-02-17 10:59:37.471123: ReqId=2030, Code=2176, Msg=Warning: Your API version does not support fractional share size rules. Please upgrade to a minimum version 163. Trimmed value 13740.66 to 13740
2026-02-17 10:59:37.570208: ReqId=2031, Code=2176, Msg=Warning: Your API version does not support fractional share size rules. Please upgrade to a minimum version 163. Trimmed value 83137.46 to 83137
2026-02-17 10:59:37.675304: ReqId=2032, Code=2176, Msg=Warning: Your API version does not support fractional share size rules. Please upgrade to a minimum version 163. Trimmed value 5644.03 to 5644
2026-02-17 10:59:37.777083: ReqId=2033, Code=2176, Msg=Warning: Your API version does not support fractional share size rules. Please upgrade to a minimum version 163. Trimmed value 7536.48 to 7536
2026-02-17 10:59:37.870184: ReqId=2034, Code=2176, Msg=Warning: Your API version does not support fractional share size rules. Please upgrade to a minimum version 163. Trimmed value 238.32 to 238
2026-02-17 10:59:37.973207: ReqId=2035, Code=2176, Msg=Warning: Your API version does not support fractional share size rules. Please upgrade to a minimum version 163. Trimmed value 28.64 to 28
2026-02-17 10:59:38.071775: ReqId=2036, Code=2176, Msg=Warning: Your API version does not support fractional share size rules. Please upgrade to a minimum version 163. Trimmed value 2210.4 to 2210
2026-02-17 10:59:38.173537: ReqId=2037, Code=2176, Msg=Warning: Your API version does not support fractional share size rules. Please upgrade to a minimum version 163. Trimmed value 262300.4 to 262300
2026-02-17 10:59:38.275638: ReqId=2038, Code=2176, Msg=Warning: Your API version does not support fractional share size rules. Please upgrade to a minimum version 163. Trimmed value 104.43 to 104
2026-02-17 10:59:38.375714: ReqId=2039, Code=2176, Msg=Warning: Your API version does not support fractional share size rules. Please upgrade to a minimum version 163. Trimmed value 15994.09 to 15994
2026-02-17 10:59:38.403255: ReqId=2040, Code=321, Msg=Error validating request.-'bL' : cause - When specifying a unit, historical data request duration format is integer{SPACE}unit (S|D|W|M|Y).
2026-02-17 11:00:08.496139: ReqId=2041, Code=321, Msg=Error validating request.-'bL' : cause - When specifying a unit, historical data request duration format is integer{SPACE}unit (S|D|W|M|Y).
2026-02-17 11:00:38.604221: ReqId=2042, Code=321, Msg=Error validating request.-'bL' : cause - When specifying a unit, historical data request duration format is integer{SPACE}unit (S|D|W|M|Y).
2026-02-17 11:01:08.729608: ReqId=2043, Code=321, Msg=Error validating request.-'bL' : cause - When specifying a unit, historical data request duration format is integer{SPACE}unit (S|D|W|M|Y).
2026-02-17 11:01:38.853192: ReqId=2044, Code=321, Msg=Error validating request.-'bL' : cause - When specifying a unit, historical data request duration format is integer{SPACE}unit (S|D|W|M|Y).
2026-02-17 11:02:08.979320: ReqId=2045, Code=321, Msg=Error validating request.-'bL' : cause - When specifying a unit, historical data request duration format is integer{SPACE}unit (S|D|W|M|Y).
2026-02-17 11:02:39.089373: ReqId=2046, Code=321, Msg=Error validating request.-'bL' : cause - When specifying a unit, historical data request duration format is integer{SPACE}unit (S|D|W|M|Y).
2026-02-17 11:03:09.206237: ReqId=2047, Code=321, Msg=Error validating request.-'bL' : cause - When specifying a unit, historical data request duration format is integer{SPACE}unit (S|D|W|M|Y).
2026-02-20 09:49:12.321674: ReqId=-1, Code=2104, Msg=Market data farm connection is OK:hfarm
2026-02-20 09:49:12.321674: ReqId=-1, Code=2104, Msg=Market data farm connection is OK:eufarmnj
2026-02-20 09:49:12.321674: ReqId=-1, Code=2104, Msg=Market data farm connection is OK:cashfarm
2026-02-20 09:49:12.322676: ReqId=-1, Code=2104, Msg=Market data farm connection is OK:usfuture
2026-02-20 09:49:12.322676: ReqId=-1, Code=2104, Msg=Market data farm connection is OK:usopt.nj
2026-02-20 09:49:12.322676: ReqId=-1, Code=2104, Msg=Market data farm connection is OK:jfarm
2026-02-20 09:49:12.323676: ReqId=-1, Code=2104, Msg=Market data farm connection is OK:usfarm.nj
2026-02-20 09:49:12.323676: ReqId=-1, Code=2104, Msg=Market data farm connection is OK:eufarm
2026-02-20 09:49:12.323676: ReqId=-1, Code=2104, Msg=Market data farm connection is OK:usfarm
2026-02-20 09:49:12.323676: ReqId=-1, Code=2106, Msg=HMDS data farm connection is OK:euhmds
2026-02-20 09:49:12.323676: ReqId=-1, Code=2106, Msg=HMDS data farm connection is OK:fundfarm
2026-02-20 09:49:12.323676: ReqId=-1, Code=2106, Msg=HMDS data farm connection is OK:ushmds
2026-02-20 09:49:12.323676: ReqId=-1, Code=2158, Msg=Sec-def data farm connection is OK:secdefnj
2026-02-20 09:50:53.238252: ReqId=-1, Code=326, Msg=Unable to connect as the client id is already in use. Retry with a unique client id.
2026-02-20 09:53:21.372425: ReqId=-1, Code=2104, Msg=Market data farm connection is OK:hfarm
2026-02-20 09:53:21.373424: ReqId=-1, Code=2104, Msg=Market data farm connection is OK:eufarmnj
2026-02-20 09:53:21.373424: ReqId=-1, Code=2104, Msg=Market data farm connection is OK:cashfarm
2026-02-20 09:53:21.377421: ReqId=-1, Code=2104, Msg=Market data farm connection is OK:usfuture
2026-02-20 09:53:21.377421: ReqId=-1, Code=2104, Msg=Market data farm connection is OK:usopt.nj
2026-02-20 09:53:21.377421: ReqId=-1, Code=2104, Msg=Market data farm connection is OK:jfarm
2026-02-20 09:53:21.377421: ReqId=-1, Code=2104, Msg=Market data farm connection is OK:usfarm.nj
2026-02-20 09:53:21.378422: ReqId=-1, Code=2104, Msg=Market data farm connection is OK:eufarm
2026-02-20 09:53:21.378422: ReqId=-1, Code=2104, Msg=Market data farm connection is OK:usfarm
2026-02-20 09:53:21.379422: ReqId=-1, Code=2106, Msg=HMDS data farm connection is OK:euhmds
2026-02-20 09:53:21.379422: ReqId=-1, Code=2106, Msg=HMDS data farm connection is OK:fundfarm
2026-02-20 09:53:21.379422: ReqId=-1, Code=2106, Msg=HMDS data farm connection is OK:ushmds
2026-02-20 09:53:21.380421: ReqId=-1, Code=2158, Msg=Sec-def data farm connection is OK:secdefnj
2026-02-20 09:55:37.856038: ReqId=-1, Code=2108, Msg=Market data farm connection is inactive but should be available upon demand.hfarm
2026-02-20 09:55:37.857038: ReqId=-1, Code=2108, Msg=Market data farm connection is inactive but should be available upon demand.hfarm
2026-02-20 09:55:37.859037: ReqId=-1, Code=2108, Msg=Market data farm connection is inactive but should be available upon demand.eufarmnj
2026-02-20 09:55:37.860036: ReqId=-1, Code=2108, Msg=Market data farm connection is inactive but should be available upon demand.eufarmnj
2026-02-20 09:55:37.861037: ReqId=-1, Code=2108, Msg=Market data farm connection is inactive but should be available upon demand.usfuture
2026-02-20 09:55:37.862036: ReqId=-1, Code=2108, Msg=Market data farm connection is inactive but should be available upon demand.usfuture
2026-02-20 09:57:23.614923: ReqId=-1, Code=2104, Msg=Market data farm connection is OK:cashfarm
2026-02-20 09:57:23.615920: ReqId=-1, Code=2104, Msg=Market data farm connection is OK:usopt.nj
2026-02-20 09:57:23.615920: ReqId=-1, Code=2104, Msg=Market data farm connection is OK:jfarm
2026-02-20 09:57:23.616921: ReqId=-1, Code=2104, Msg=Market data farm connection is OK:usfarm.nj
2026-02-20 09:57:23.616921: ReqId=-1, Code=2104, Msg=Market data farm connection is OK:eufarm
2026-02-20 09:57:23.616921: ReqId=-1, Code=2104, Msg=Market data farm connection is OK:usfarm
2026-02-20 09:57:23.616921: ReqId=-1, Code=2106, Msg=HMDS data farm connection is OK:euhmds
2026-02-20 09:57:23.616921: ReqId=-1, Code=2106, Msg=HMDS data farm connection is OK:fundfarm
2026-02-20 09:57:23.618470: ReqId=-1, Code=2106, Msg=HMDS data farm connection is OK:ushmds
2026-02-20 09:57:23.618470: ReqId=-1, Code=2158, Msg=Sec-def data farm connection is OK:secdefnj
2026-02-20 10:02:35.714401: ReqId=-1, Code=2104, Msg=Market data farm connection is OK:cashfarm
2026-02-20 10:02:35.717399: ReqId=-1, Code=2104, Msg=Market data farm connection is OK:usopt.nj
2026-02-20 10:02:35.718400: ReqId=-1, Code=2104, Msg=Market data farm connection is OK:jfarm
2026-02-20 10:02:35.719399: ReqId=-1, Code=2104, Msg=Market data farm connection is OK:usfarm.nj
2026-02-20 10:02:35.719399: ReqId=-1, Code=2104, Msg=Market data farm connection is OK:eufarm
2026-02-20 10:02:35.720902: ReqId=-1, Code=2104, Msg=Market data farm connection is OK:usfarm
2026-02-20 10:02:35.720902: ReqId=-1, Code=2106, Msg=HMDS data farm connection is OK:euhmds
2026-02-20 10:02:35.721907: ReqId=-1, Code=2106, Msg=HMDS data farm connection is OK:fundfarm
2026-02-20 10:02:35.721907: ReqId=-1, Code=2106, Msg=HMDS data farm connection is OK:ushmds
2026-02-20 10:02:35.722907: ReqId=-1, Code=2158, Msg=Sec-def data farm connection is OK:secdefnj
2026-02-20 10:06:16.943627: ReqId=-1, Code=326, Msg=Unable to connect as the client id is already in use. Retry with a unique client id.
2026-02-20 10:06:51.474628: ReqId=-1, Code=326, Msg=Unable to connect as the client id is already in use. Retry with a unique client id.
2026-02-20 10:07:26.926255: ReqId=-1, Code=326, Msg=Unable to connect as the client id is already in use. Retry with a unique client id.
2026-02-20 10:07:45.520940: ReqId=-1, Code=2104, Msg=Market data farm connection is OK:cashfarm
2026-02-20 10:07:45.521946: ReqId=-1, Code=2104, Msg=Market data farm connection is OK:usopt.nj
2026-02-20 10:07:45.521946: ReqId=-1, Code=2104, Msg=Market data farm connection is OK:jfarm
2026-02-20 10:07:45.522944: ReqId=-1, Code=2104, Msg=Market data farm connection is OK:usfarm.nj
2026-02-20 10:07:45.523942: ReqId=-1, Code=2104, Msg=Market data farm connection is OK:eufarm
2026-02-20 10:07:45.523942: ReqId=-1, Code=2104, Msg=Market data farm connection is OK:usfarm
2026-02-20 10:07:45.523942: ReqId=-1, Code=2106, Msg=HMDS data farm connection is OK:euhmds
2026-02-20 10:07:45.523942: ReqId=-1, Code=2106, Msg=HMDS data farm connection is OK:fundfarm
2026-02-20 10:07:45.523942: ReqId=-1, Code=2106, Msg=HMDS data farm connection is OK:ushmds
2026-02-20 10:07:45.524942: ReqId=-1, Code=2158, Msg=Sec-def data farm connection is OK:secdefnj
2026-02-20 10:07:58.845827: ReqId=-1, Code=2104, Msg=Market data farm connection is OK:cashfarm
2026-02-20 10:07:58.846827: ReqId=-1, Code=2104, Msg=Market data farm connection is OK:usopt.nj
2026-02-20 10:07:58.846827: ReqId=-1, Code=2104, Msg=Market data farm connection is OK:jfarm
2026-02-20 10:07:58.858825: ReqId=-1, Code=2104, Msg=Market data farm connection is OK:usfarm.nj
2026-02-20 10:07:58.858825: ReqId=-1, Code=2104, Msg=Market data farm connection is OK:eufarm
2026-02-20 10:07:58.858825: ReqId=-1, Code=2104, Msg=Market data farm connection is OK:usfarm
2026-02-20 10:07:58.859828: ReqId=-1, Code=2106, Msg=HMDS data farm connection is OK:euhmds
2026-02-20 10:07:58.859828: ReqId=-1, Code=2106, Msg=HMDS data farm connection is OK:fundfarm
2026-02-20 10:07:58.859828: ReqId=-1, Code=2106, Msg=HMDS data farm connection is OK:ushmds
2026-02-20 10:07:58.859828: ReqId=-1, Code=2158, Msg=Sec-def data farm connection is OK:secdefnj
2026-02-20 10:08:05.047553: ReqId=2000, Code=10358, Msg=Fundamentals data is not allowed.
2026-02-20 10:08:15.056402: ReqId=2001, Code=10358, Msg=Fundamentals data is not allowed.
2026-02-20 10:08:25.054142: ReqId=2002, Code=10358, Msg=Fundamentals data is not allowed.
2026-02-20 10:08:35.070037: ReqId=2003, Code=10358, Msg=Fundamentals data is not allowed.
2026-02-20 10:08:45.082084: ReqId=2004, Code=10358, Msg=Fundamentals data is not allowed.
2026-02-20 10:08:55.083645: ReqId=2005, Code=10358, Msg=Fundamentals data is not allowed.
2026-02-20 10:09:05.089693: ReqId=2006, Code=10358, Msg=Fundamentals data is not allowed.
2026-02-20 10:09:15.089191: ReqId=2007, Code=10358, Msg=Fundamentals data is not allowed.
2026-02-20 10:09:25.092474: ReqId=2008, Code=10358, Msg=Fundamentals data is not allowed.
2026-02-20 10:09:35.103976: ReqId=2009, Code=10358, Msg=Fundamentals data is not allowed.
2026-02-20 10:09:45.108416: ReqId=2010, Code=10358, Msg=Fundamentals data is not allowed.
2026-02-20 10:09:55.106026: ReqId=2011, Code=10358, Msg=Fundamentals data is not allowed.
2026-02-20 10:10:05.117626: ReqId=2012, Code=10358, Msg=Fundamentals data is not allowed.
2026-02-20 10:10:05.618950: ReqId=-1, Code=326, Msg=Unable to connect as the client id is already in use. Retry with a unique client id.
2026-02-20 10:10:15.125281: ReqId=2013, Code=10358, Msg=Fundamentals data is not allowed.
2026-02-20 10:10:25.136655: ReqId=2014, Code=10358, Msg=Fundamentals data is not allowed.
2026-02-20 10:10:35.140960: ReqId=2015, Code=10358, Msg=Fundamentals data is not allowed.
2026-02-20 10:10:45.143387: ReqId=2016, Code=10358, Msg=Fundamentals data is not allowed.
2026-02-20 10:10:55.151478: ReqId=2017, Code=10358, Msg=Fundamentals data is not allowed.
2026-02-20 10:13:14.191951: ReqId=-1, Code=2104, Msg=Market data farm connection is OK:usfarm.nj
2026-02-20 10:13:14.193951: ReqId=-1, Code=2104, Msg=Market data farm connection is OK:jfarm
2026-02-20 10:13:14.193951: ReqId=-1, Code=2104, Msg=Market data farm connection is OK:eufarm
2026-02-20 10:13:14.194956: ReqId=-1, Code=2104, Msg=Market data farm connection is OK:usopt.nj
2026-02-20 10:13:14.195952: ReqId=-1, Code=2104, Msg=Market data farm connection is OK:cashfarm
2026-02-20 10:13:14.195952: ReqId=-1, Code=2104, Msg=Market data farm connection is OK:usfarm
2026-02-20 10:13:14.196951: ReqId=-1, Code=2106, Msg=HMDS data farm connection is OK:ushmds
2026-02-20 10:13:14.196951: ReqId=-1, Code=2158, Msg=Sec-def data farm connection is OK:secdefnj
2026-02-20 10:13:29.791693: ReqId=-1, Code=2104, Msg=Market data farm connection is OK:usfarm.nj
2026-02-20 10:13:29.791693: ReqId=-1, Code=2104, Msg=Market data farm connection is OK:jfarm
2026-02-20 10:13:29.792694: ReqId=-1, Code=2104, Msg=Market data farm connection is OK:eufarm
2026-02-20 10:13:29.797692: ReqId=-1, Code=2104, Msg=Market data farm connection is OK:usopt.nj
2026-02-20 10:13:29.797692: ReqId=-1, Code=2104, Msg=Market data farm connection is OK:cashfarm
2026-02-20 10:13:29.797692: ReqId=-1, Code=2104, Msg=Market data farm connection is OK:usfarm
2026-02-20 10:13:29.798693: ReqId=-1, Code=2106, Msg=HMDS data farm connection is OK:ushmds
2026-02-20 10:13:29.802695: ReqId=-1, Code=2158, Msg=Sec-def data farm connection is OK:secdefnj
2026-02-20 10:13:33.716245: ReqId=2000, Code=10358, Msg=Fundamentals data is not allowed.
2026-02-20 10:13:43.694541: ReqId=2001, Code=10358, Msg=Fundamentals data is not allowed.
2026-02-20 10:13:53.697527: ReqId=2002, Code=10358, Msg=Fundamentals data is not allowed.
2026-02-20 10:14:03.703423: ReqId=2003, Code=10358, Msg=Fundamentals data is not allowed.
2026-02-20 10:14:13.713823: ReqId=2004, Code=10358, Msg=Fundamentals data is not allowed.
2026-02-20 10:14:23.713387: ReqId=2005, Code=10358, Msg=Fundamentals data is not allowed.
2026-02-20 10:14:33.713655: ReqId=2006, Code=10358, Msg=Fundamentals data is not allowed.
2026-02-20 10:14:43.714252: ReqId=2007, Code=10358, Msg=Fundamentals data is not allowed.
2026-02-20 10:14:53.723431: ReqId=2008, Code=10358, Msg=Fundamentals data is not allowed.
2026-02-20 10:15:03.732572: ReqId=2009, Code=10358, Msg=Fundamentals data is not allowed.
2026-02-20 10:15:13.735577: ReqId=2010, Code=10358, Msg=Fundamentals data is not allowed.
2026-02-20 10:15:23.741667: ReqId=2011, Code=10358, Msg=Fundamentals data is not allowed.
2026-02-20 10:15:33.754910: ReqId=2012, Code=10358, Msg=Fundamentals data is not allowed.
2026-02-20 10:15:43.759534: ReqId=2013, Code=10358, Msg=Fundamentals data is not allowed.
2026-02-20 10:15:53.768235: ReqId=2014, Code=10358, Msg=Fundamentals data is not allowed.
2026-02-20 10:16:03.780503: ReqId=2015, Code=10358, Msg=Fundamentals data is not allowed.
2026-02-20 10:16:13.792007: ReqId=2016, Code=10358, Msg=Fundamentals data is not allowed.
2026-02-20 10:16:23.804565: ReqId=2017, Code=10358, Msg=Fundamentals data is not allowed.
2026-02-20 10:16:33.818296: ReqId=2018, Code=10358, Msg=Fundamentals data is not allowed.
2026-02-20 10:16:43.824454: ReqId=2019, Code=10358, Msg=Fundamentals data is not allowed.
2026-02-20 10:19:01.839670: ReqId=-1, Code=2104, Msg=Market data farm connection is OK:usfarm.nj
2026-02-20 10:19:01.840669: ReqId=-1, Code=2104, Msg=Market data farm connection is OK:jfarm
2026-02-20 10:19:01.840669: ReqId=-1, Code=2104, Msg=Market data farm connection is OK:eufarm
2026-02-20 10:19:01.841672: ReqId=-1, Code=2104, Msg=Market data farm connection is OK:usopt.nj
2026-02-20 10:19:01.841672: ReqId=-1, Code=2104, Msg=Market data farm connection is OK:cashfarm
2026-02-20 10:19:01.842670: ReqId=-1, Code=2104, Msg=Market data farm connection is OK:usfarm
2026-02-20 10:19:01.842670: ReqId=-1, Code=2106, Msg=HMDS data farm connection is OK:ushmds
2026-02-20 10:19:01.842670: ReqId=-1, Code=2158, Msg=Sec-def data farm connection is OK:secdefnj
2026-02-20 10:19:05.244598: ReqId=2000, Code=10358, Msg=Fundamentals data is not allowed.
2026-02-20 10:19:15.244326: ReqId=2001, Code=10358, Msg=Fundamentals data is not allowed.
2026-02-20 10:19:25.256754: ReqId=2002, Code=10358, Msg=Fundamentals data is not allowed.
2026-02-20 10:19:35.260441: ReqId=2003, Code=10358, Msg=Fundamentals data is not allowed.
2026-02-20 10:19:45.262844: ReqId=2004, Code=10358, Msg=Fundamentals data is not allowed.
2026-02-20 10:19:55.264849: ReqId=2005, Code=10358, Msg=Fundamentals data is not allowed.
2026-02-20 10:20:05.277793: ReqId=2006, Code=10358, Msg=Fundamentals data is not allowed.
2026-02-20 10:20:15.291586: ReqId=2007, Code=10358, Msg=Fundamentals data is not allowed.
2026-02-20 10:20:24.135084: ReqId=-1, Code=2104, Msg=Market data farm connection is OK:usfarm.nj
2026-02-20 10:20:24.136083: ReqId=-1, Code=2104, Msg=Market data farm connection is OK:jfarm
2026-02-20 10:20:24.136083: ReqId=-1, Code=2104, Msg=Market data farm connection is OK:eufarm
2026-02-20 10:20:24.137084: ReqId=-1, Code=2104, Msg=Market data farm connection is OK:usopt.nj
2026-02-20 10:20:24.137084: ReqId=-1, Code=2104, Msg=Market data farm connection is OK:cashfarm
2026-02-20 10:20:24.137084: ReqId=-1, Code=2104, Msg=Market data farm connection is OK:usfarm
2026-02-20 10:20:24.137084: ReqId=-1, Code=2106, Msg=HMDS data farm connection is OK:ushmds
2026-02-20 10:20:24.137084: ReqId=-1, Code=2158, Msg=Sec-def data farm connection is OK:secdefnj
2026-02-20 10:20:33.639217: ReqId=-1, Code=326, Msg=Unable to connect as the client id is already in use. Retry with a unique client id.
2026-02-20 10:27:49.232867: ReqId=-1, Code=2104, Msg=Market data farm connection is OK:usfarm.nj
2026-02-20 10:27:49.233869: ReqId=-1, Code=2104, Msg=Market data farm connection is OK:jfarm
2026-02-20 10:27:49.233869: ReqId=-1, Code=2104, Msg=Market data farm connection is OK:eufarm
2026-02-20 10:27:49.234868: ReqId=-1, Code=2104, Msg=Market data farm connection is OK:usopt.nj
2026-02-20 10:27:49.234868: ReqId=-1, Code=2104, Msg=Market data farm connection is OK:cashfarm
2026-02-20 10:27:49.234868: ReqId=-1, Code=2104, Msg=Market data farm connection is OK:usfarm
2026-02-20 10:27:49.235869: ReqId=-1, Code=2106, Msg=HMDS data farm connection is OK:ushmds
2026-02-20 10:27:49.235869: ReqId=-1, Code=2158, Msg=Sec-def data farm connection is OK:secdefnj
2026-02-20 10:27:55.062938: ReqId=2000, Code=10358, Msg=Fundamentals data is not allowed.
2026-02-20 10:28:05.068608: ReqId=2001, Code=10358, Msg=Fundamentals data is not allowed.
2026-02-20 10:28:15.068941: ReqId=2002, Code=10358, Msg=Fundamentals data is not allowed.
2026-02-20 10:28:24.575236: ReqId=-1, Code=326, Msg=Unable to connect as the client id is already in use. Retry with a unique client id.
2026-02-20 10:28:25.101316: ReqId=2003, Code=10358, Msg=Fundamentals data is not allowed.
2026-02-20 10:28:34.103815: ReqId=-1, Code=326, Msg=Unable to connect as the client id is already in use. Retry with a unique client id.
2026-02-20 10:28:35.087467: ReqId=2004, Code=10358, Msg=Fundamentals data is not allowed.
2026-02-20 10:28:45.089059: ReqId=2005, Code=10358, Msg=Fundamentals data is not allowed.
2026-02-20 10:28:55.088980: ReqId=2006, Code=10358, Msg=Fundamentals data is not allowed.
2026-02-20 10:28:58.473503: ReqId=-1, Code=2104, Msg=Market data farm connection is OK:usfarm.nj
2026-02-20 10:28:58.474501: ReqId=-1, Code=2104, Msg=Market data farm connection is OK:jfarm
2026-02-20 10:28:58.475508: ReqId=-1, Code=2104, Msg=Market data farm connection is OK:eufarm
2026-02-20 10:28:58.475508: ReqId=-1, Code=2104, Msg=Market data farm connection is OK:usopt.nj
2026-02-20 10:28:58.475508: ReqId=-1, Code=2104, Msg=Market data farm connection is OK:cashfarm
2026-02-20 10:28:58.476506: ReqId=-1, Code=2104, Msg=Market data farm connection is OK:usfarm
2026-02-20 10:28:58.476506: ReqId=-1, Code=2106, Msg=HMDS data farm connection is OK:ushmds
2026-02-20 10:28:58.476506: ReqId=-1, Code=2158, Msg=Sec-def data farm connection is OK:secdefnj
2026-02-20 10:29:01.216778: ReqId=2000, Code=10358, Msg=Fundamentals data is not allowed.
2026-02-20 10:29:05.098724: ReqId=2007, Code=10358, Msg=Fundamentals data is not allowed.
2026-02-20 10:29:11.126139: ReqId=2001, Code=10358, Msg=Fundamentals data is not allowed.
2026-02-20 10:29:15.107440: ReqId=2008, Code=10358, Msg=Fundamentals data is not allowed.
2026-02-20 10:29:21.132432: ReqId=2002, Code=10358, Msg=Fundamentals data is not allowed.
2026-02-20 10:29:25.109564: ReqId=2009, Code=10358, Msg=Fundamentals data is not allowed.
2026-02-20 10:29:31.138039: ReqId=2003, Code=10358, Msg=Fundamentals data is not allowed.
2026-02-20 10:29:35.110254: ReqId=2010, Code=10358, Msg=Fundamentals data is not allowed.
2026-02-20 10:29:41.154126: ReqId=2004, Code=10358, Msg=Fundamentals data is not allowed.
2026-02-20 10:29:45.116745: ReqId=2011, Code=10358, Msg=Fundamentals data is not allowed.
2026-02-20 10:29:51.164421: ReqId=2005, Code=10358, Msg=Fundamentals data is not allowed.
2026-02-20 10:29:55.129199: ReqId=2012, Code=10358, Msg=Fundamentals data is not allowed.
2026-02-20 10:30:01.175641: ReqId=2006, Code=10358, Msg=Fundamentals data is not allowed.
2026-02-20 10:30:05.138938: ReqId=2013, Code=10358, Msg=Fundamentals data is not allowed.
2026-02-20 10:30:11.189036: ReqId=2007, Code=10358, Msg=Fundamentals data is not allowed.
2026-02-20 10:30:15.152417: ReqId=2014, Code=10358, Msg=Fundamentals data is not allowed.
2026-02-20 10:30:21.194787: ReqId=2008, Code=10358, Msg=Fundamentals data is not allowed.
2026-02-20 10:30:25.143465: ReqId=2015, Code=10358, Msg=Fundamentals data is not allowed.
2026-02-20 10:30:31.203563: ReqId=2009, Code=10358, Msg=Fundamentals data is not allowed.
2026-02-20 10:30:35.157842: ReqId=2016, Code=10358, Msg=Fundamentals data is not allowed.
2026-02-20 10:30:41.211717: ReqId=2010, Code=10358, Msg=Fundamentals data is not allowed.
2026-02-20 10:30:45.166868: ReqId=2017, Code=10358, Msg=Fundamentals data is not allowed.
2026-02-20 10:30:51.219341: ReqId=2011, Code=10358, Msg=Fundamentals data is not allowed.
2026-02-20 10:30:55.175134: ReqId=2018, Code=10358, Msg=Fundamentals data is not allowed.
2026-02-20 10:31:01.234407: ReqId=2012, Code=10358, Msg=Fundamentals data is not allowed.
2026-02-20 10:31:05.183214: ReqId=2019, Code=10358, Msg=Fundamentals data is not allowed.
2026-02-20 10:31:11.247464: ReqId=2013, Code=10358, Msg=Fundamentals data is not allowed.
2026-02-20 10:31:21.262140: ReqId=2014, Code=10358, Msg=Fundamentals data is not allowed.
2026-02-20 10:31:31.268264: ReqId=2015, Code=10358, Msg=Fundamentals data is not allowed.
2026-02-20 10:31:41.279194: ReqId=2016, Code=10358, Msg=Fundamentals data is not allowed.
2026-02-20 10:31:51.286327: ReqId=2017, Code=10358, Msg=Fundamentals data is not allowed.
2026-02-20 10:32:01.285193: ReqId=2018, Code=10358, Msg=Fundamentals data is not allowed.
2026-02-20 10:32:11.293046: ReqId=2019, Code=10358, Msg=Fundamentals data is not allowed.
2026-02-20 10:38:21.725234: ReqId=2060, Code=10358, Msg=Fundamentals data is not allowed.
2026-02-20 10:39:27.857929: ReqId=2060, Code=10358, Msg=Fundamentals data is not allowed.
2026-02-20 10:59:32.238325: ReqId=-1, Code=2104, Msg=Market data farm connection is OK:usfarm.nj
2026-02-20 10:59:32.239325: ReqId=-1, Code=2104, Msg=Market data farm connection is OK:jfarm
2026-02-20 10:59:32.239325: ReqId=-1, Code=2104, Msg=Market data farm connection is OK:eufarm
2026-02-20 10:59:32.239325: ReqId=-1, Code=2104, Msg=Market data farm connection is OK:usopt.nj
2026-02-20 10:59:32.239325: ReqId=-1, Code=2104, Msg=Market data farm connection is OK:cashfarm
2026-02-20 10:59:32.240325: ReqId=-1, Code=2104, Msg=Market data farm connection is OK:usfarm
2026-02-20 10:59:32.240325: ReqId=-1, Code=2106, Msg=HMDS data farm connection is OK:ushmds
2026-02-20 10:59:32.240325: ReqId=-1, Code=2158, Msg=Sec-def data farm connection is OK:secdefnj
2026-02-20 10:59:35.168301: ReqId=2000, Code=10358, Msg=Fundamentals data is not allowed.
2026-02-20 10:59:45.067203: ReqId=2001, Code=10358, Msg=Fundamentals data is not allowed.
2026-02-20 10:59:55.079340: ReqId=2002, Code=10358, Msg=Fundamentals data is not allowed.
2026-02-20 11:00:05.091945: ReqId=2003, Code=10358, Msg=Fundamentals data is not allowed.
2026-02-20 11:00:15.095719: ReqId=2004, Code=10358, Msg=Fundamentals data is not allowed.
2026-02-20 11:00:25.098852: ReqId=2005, Code=10358, Msg=Fundamentals data is not allowed.
2026-02-20 11:00:35.106305: ReqId=2006, Code=10358, Msg=Fundamentals data is not allowed.
2026-02-20 11:00:45.118505: ReqId=2007, Code=10358, Msg=Fundamentals data is not allowed.
2026-02-20 11:00:55.120013: ReqId=2008, Code=10358, Msg=Fundamentals data is not allowed.
2026-02-20 11:01:05.119976: ReqId=2009, Code=10358, Msg=Fundamentals data is not allowed.
2026-02-20 11:01:15.126389: ReqId=2010, Code=10358, Msg=Fundamentals data is not allowed.
2026-02-20 11:01:25.133029: ReqId=2011, Code=10358, Msg=Fundamentals data is not allowed.
2026-02-20 11:01:35.146164: ReqId=2012, Code=10358, Msg=Fundamentals data is not allowed.
2026-02-20 11:01:45.154920: ReqId=2013, Code=10358, Msg=Fundamentals data is not allowed.
2026-02-20 11:01:55.155084: ReqId=2014, Code=10358, Msg=Fundamentals data is not allowed.
2026-02-20 11:02:05.170255: ReqId=2015, Code=10358, Msg=Fundamentals data is not allowed.
2026-02-20 11:02:15.186548: ReqId=2016, Code=10358, Msg=Fundamentals data is not allowed.
2026-02-20 11:02:25.197696: ReqId=2017, Code=10358, Msg=Fundamentals data is not allowed.
2026-02-20 11:02:35.211244: ReqId=2018, Code=10358, Msg=Fundamentals data is not allowed.
2026-02-20 11:02:45.224402: ReqId=2019, Code=10358, Msg=Fundamentals data is not allowed.
2026-02-20 11:10:01.496486: ReqId=2060, Code=10358, Msg=Fundamentals data is not allowed.
2026-02-20 13:12:05.695259: ReqId=-1, Code=2103, Msg=Market data farm connection is broken:jfarm
2026-02-20 13:12:07.151145: ReqId=-1, Code=2104, Msg=Market data farm connection is OK:jfarm
2026-02-20 14:31:49.231598: ReqId=-1, Code=2103, Msg=Market data farm connection is broken:jfarm
2026-02-20 14:31:50.932976: ReqId=-1, Code=2104, Msg=Market data farm connection is OK:jfarm
2026-02-23 01:23:55.185954: ReqId=-1, Code=2103, Msg=Market data farm connection is broken:cashfarm
2026-02-23 01:23:55.699772: ReqId=-1, Code=2103, Msg=Market data farm connection is broken:jfarm
2026-02-23 01:23:55.725803: ReqId=-1, Code=2103, Msg=Market data farm connection is broken:eufarm
2026-02-23 01:23:55.878232: ReqId=-1, Code=2105, Msg=HMDS data farm connection is broken:ushmds
2026-02-23 01:23:56.135854: ReqId=-1, Code=2103, Msg=Market data farm connection is broken:usopt.nj
2026-02-23 01:23:56.186502: ReqId=-1, Code=2157, Msg=Sec-def data farm connection is broken:secdefnj
2026-02-23 01:24:28.438623: ReqId=-1, Code=1100, Msg=Connectivity between IBKR and Trader Workstation has been lost.
2026-02-23 01:24:28.459619: ReqId=-1, Code=2103, Msg=Market data farm connection is broken:usfarm
2026-02-23 01:24:28.542467: ReqId=-1, Code=2103, Msg=Market data farm connection is broken:usfarm.nj
2026-02-23 01:27:33.297997: ReqId=-1, Code=1100, Msg=Connectivity between IBKR and Trader Workstation has been lost.
2026-02-23 01:30:34.587901: ReqId=-1, Code=1100, Msg=Connectivity between IBKR and Trader Workstation has been lost.
2026-02-23 10:34:45.799168: ReqId=-1, Code=2104, Msg=Market data farm connection is OK:hfarm
2026-02-23 10:34:45.801168: ReqId=-1, Code=2104, Msg=Market data farm connection is OK:usfarm.nj
2026-02-23 10:34:45.801168: ReqId=-1, Code=2104, Msg=Market data farm connection is OK:jfarm
2026-02-23 10:34:45.801168: ReqId=-1, Code=2104, Msg=Market data farm connection is OK:usfuture
2026-02-23 10:34:45.802171: ReqId=-1, Code=2104, Msg=Market data farm connection is OK:cafarm
2026-02-23 10:34:45.802171: ReqId=-1, Code=2104, Msg=Market data farm connection is OK:cashfarm
2026-02-23 10:34:45.802171: ReqId=-1, Code=2104, Msg=Market data farm connection is OK:eufarmnj
2026-02-23 10:34:45.802171: ReqId=-1, Code=2104, Msg=Market data farm connection is OK:usfarm
2026-02-23 10:34:45.802171: ReqId=-1, Code=2106, Msg=HMDS data farm connection is OK:euhmds
2026-02-23 10:34:45.802171: ReqId=-1, Code=2106, Msg=HMDS data farm connection is OK:fundfarm
2026-02-23 10:34:45.802171: ReqId=-1, Code=2106, Msg=HMDS data farm connection is OK:ushmds
2026-02-23 10:34:45.803680: ReqId=-1, Code=2158, Msg=Sec-def data farm connection is OK:secdefnj
2026-02-23 10:34:52.490662: ReqId=2000, Code=10358, Msg=Fundamentals data is not allowed.
2026-02-23 10:35:02.412076: ReqId=2001, Code=10358, Msg=Fundamentals data is not allowed.
2026-02-23 10:35:12.412288: ReqId=2002, Code=10358, Msg=Fundamentals data is not allowed.
2026-02-23 10:35:22.421020: ReqId=2003, Code=10358, Msg=Fundamentals data is not allowed.
2026-02-23 10:35:32.447356: ReqId=2004, Code=10358, Msg=Fundamentals data is not allowed.
2026-02-23 10:35:42.457740: ReqId=2005, Code=10358, Msg=Fundamentals data is not allowed.
2026-02-23 10:35:52.460602: ReqId=2006, Code=10358, Msg=Fundamentals data is not allowed.
2026-02-23 10:36:02.471309: ReqId=2007, Code=10358, Msg=Fundamentals data is not allowed.
2026-02-23 10:36:12.478355: ReqId=2008, Code=10358, Msg=Fundamentals data is not allowed.
2026-02-23 10:36:22.482504: ReqId=2009, Code=10358, Msg=Fundamentals data is not allowed.
2026-02-23 10:36:32.487763: ReqId=2010, Code=10358, Msg=Fundamentals data is not allowed.
2026-02-23 10:36:42.498913: ReqId=2011, Code=10358, Msg=Fundamentals data is not allowed.
2026-02-23 10:36:52.507309: ReqId=2012, Code=10358, Msg=Fundamentals data is not allowed.
2026-02-23 10:37:02.510084: ReqId=2013, Code=10358, Msg=Fundamentals data is not allowed.
2026-02-23 10:37:12.520424: ReqId=2014, Code=10358, Msg=Fundamentals data is not allowed.
2026-02-23 10:37:22.531371: ReqId=2015, Code=10358, Msg=Fundamentals data is not allowed.
2026-02-23 10:37:32.554214: ReqId=2016, Code=10358, Msg=Fundamentals data is not allowed.
2026-02-23 10:37:42.549462: ReqId=2017, Code=10358, Msg=Fundamentals data is not allowed.
2026-02-23 10:37:46.696256: ReqId=-1, Code=2108, Msg=Market data farm connection is inactive but should be available upon demand.jfarm
2026-02-23 10:37:46.699256: ReqId=-1, Code=2108, Msg=Market data farm connection is inactive but should be available upon demand.jfarm
2026-02-23 10:37:46.707260: ReqId=-1, Code=2108, Msg=Market data farm connection is inactive but should be available upon demand.usfuture
2026-02-23 10:37:46.709261: ReqId=-1, Code=2108, Msg=Market data farm connection is inactive but should be available upon demand.usfuture
2026-02-23 10:37:46.711261: ReqId=-1, Code=2108, Msg=Market data farm connection is inactive but should be available upon demand.eufarmnj
2026-02-23 10:37:46.712260: ReqId=-1, Code=2108, Msg=Market data farm connection is inactive but should be available upon demand.eufarmnj
2026-02-23 10:37:52.566081: ReqId=2018, Code=10358, Msg=Fundamentals data is not allowed.
2026-02-23 10:38:02.577476: ReqId=2019, Code=10358, Msg=Fundamentals data is not allowed.
2026-02-23 10:45:23.104088: ReqId=2080, Code=10358, Msg=Fundamentals data is not allowed.
2026-02-23 10:45:33.714401: ReqId=2084, Code=10358, Msg=Fundamentals data is not allowed.
2026-02-23 10:45:43.921509: ReqId=2088, Code=10358, Msg=Fundamentals data is not allowed.
2026-02-23 10:45:54.147233: ReqId=2092, Code=10358, Msg=Fundamentals data is not allowed.
2026-02-23 10:55:10.949607: ReqId=2096, Code=10358, Msg=Fundamentals data is not allowed.
2026-02-23 11:05:26.529136: ReqId=2100, Code=10358, Msg=Fundamentals data is not allowed.
2026-02-23 11:15:40.611235: ReqId=2104, Code=10358, Msg=Fundamentals data is not allowed.
2026-02-23 11:15:51.120022: ReqId=2108, Code=10358, Msg=Fundamentals data is not allowed.
2026-02-23 11:16:01.423051: ReqId=2112, Code=10358, Msg=Fundamentals data is not allowed.
2026-02-23 11:16:11.733066: ReqId=2116, Code=10358, Msg=Fundamentals data is not allowed.
2026-02-23 11:25:27.534008: ReqId=2120, Code=10358, Msg=Fundamentals data is not allowed.
2026-02-23 11:25:37.940164: ReqId=2124, Code=10358, Msg=Fundamentals data is not allowed.
2026-02-23 11:35:55.779299: ReqId=2128, Code=10358, Msg=Fundamentals data is not allowed.
2026-02-23 12:00:25.083912: ReqId=-1, Code=2104, Msg=Market data farm connection is OK:hfarm
2026-02-23 12:00:25.085916: ReqId=-1, Code=2104, Msg=Market data farm connection is OK:usfarm.nj
2026-02-23 12:00:25.085916: ReqId=-1, Code=2104, Msg=Market data farm connection is OK:jfarm
2026-02-23 12:00:25.085916: ReqId=-1, Code=2104, Msg=Market data farm connection is OK:usfuture
2026-02-23 12:00:25.086919: ReqId=-1, Code=2104, Msg=Market data farm connection is OK:cafarm
2026-02-23 12:00:25.086919: ReqId=-1, Code=2104, Msg=Market data farm connection is OK:cashfarm
2026-02-23 12:00:25.086919: ReqId=-1, Code=2104, Msg=Market data farm connection is OK:eufarmnj
2026-02-23 12:00:25.086919: ReqId=-1, Code=2104, Msg=Market data farm connection is OK:usfarm
2026-02-23 12:00:25.087916: ReqId=-1, Code=2106, Msg=HMDS data farm connection is OK:euhmds
2026-02-23 12:00:25.088916: ReqId=-1, Code=2106, Msg=HMDS data farm connection is OK:fundfarm
2026-02-23 12:00:25.088916: ReqId=-1, Code=2106, Msg=HMDS data farm connection is OK:ushmds
2026-02-23 12:00:25.088916: ReqId=-1, Code=2158, Msg=Sec-def data farm connection is OK:secdefnj
2026-02-23 12:00:32.617169: ReqId=2000, Code=10358, Msg=Fundamentals data is not allowed.
2026-02-23 12:00:42.525567: ReqId=2001, Code=10358, Msg=Fundamentals data is not allowed.
2026-02-23 12:00:52.526561: ReqId=2002, Code=10358, Msg=Fundamentals data is not allowed.
2026-02-23 12:01:02.534287: ReqId=2003, Code=10358, Msg=Fundamentals data is not allowed.
2026-02-23 12:01:12.532235: ReqId=2004, Code=10358, Msg=Fundamentals data is not allowed.
2026-02-23 12:01:22.536350: ReqId=2005, Code=10358, Msg=Fundamentals data is not allowed.
2026-02-23 12:01:32.536630: ReqId=2006, Code=10358, Msg=Fundamentals data is not allowed.
2026-02-23 12:01:42.542336: ReqId=2007, Code=10358, Msg=Fundamentals data is not allowed.
2026-02-23 12:01:52.554825: ReqId=2008, Code=10358, Msg=Fundamentals data is not allowed.
2026-02-23 12:02:02.556449: ReqId=2009, Code=10358, Msg=Fundamentals data is not allowed.
2026-02-23 12:02:12.569200: ReqId=2010, Code=10358, Msg=Fundamentals data is not allowed.
2026-02-23 12:02:22.571643: ReqId=2011, Code=10358, Msg=Fundamentals data is not allowed.
2026-02-23 12:02:26.328670: ReqId=-1, Code=2108, Msg=Market data farm connection is inactive but should be available upon demand.jfarm
2026-02-23 12:02:26.328670: ReqId=-1, Code=2108, Msg=Market data farm connection is inactive but should be available upon demand.jfarm
2026-02-23 12:02:26.331184: ReqId=-1, Code=2108, Msg=Market data farm connection is inactive but should be available upon demand.usfuture
2026-02-23 12:02:26.334190: ReqId=-1, Code=2108, Msg=Market data farm connection is inactive but should be available upon demand.usfuture
2026-02-23 12:02:26.335198: ReqId=-1, Code=2108, Msg=Market data farm connection is inactive but should be available upon demand.eufarmnj
2026-02-23 12:02:26.335198: ReqId=-1, Code=2108, Msg=Market data farm connection is inactive but should be available upon demand.eufarmnj
2026-02-23 12:02:32.580871: ReqId=2012, Code=10358, Msg=Fundamentals data is not allowed.
2026-02-23 12:02:42.594266: ReqId=2013, Code=10358, Msg=Fundamentals data is not allowed.
2026-02-23 12:02:52.595819: ReqId=2014, Code=10358, Msg=Fundamentals data is not allowed.
2026-02-23 12:03:02.599230: ReqId=2015, Code=10358, Msg=Fundamentals data is not allowed.
2026-02-23 12:03:12.605488: ReqId=2016, Code=10358, Msg=Fundamentals data is not allowed.
2026-02-23 12:03:22.615872: ReqId=2017, Code=10358, Msg=Fundamentals data is not allowed.
2026-02-23 12:03:32.615736: ReqId=2018, Code=10358, Msg=Fundamentals data is not allowed.
2026-02-23 12:03:42.636120: ReqId=2019, Code=10358, Msg=Fundamentals data is not allowed.
2026-02-23 12:11:05.069430: ReqId=2080, Code=10358, Msg=Fundamentals data is not allowed.
2026-02-23 12:11:15.486431: ReqId=2084, Code=10358, Msg=Fundamentals data is not allowed.
2026-02-23 12:11:25.792658: ReqId=2088, Code=10358, Msg=Fundamentals data is not allowed.
2026-02-23 12:20:40.262671: ReqId=2092, Code=10358, Msg=Fundamentals data is not allowed.
2026-02-23 12:20:50.776085: ReqId=2096, Code=10358, Msg=Fundamentals data is not allowed.
2026-02-23 12:41:07.320141: ReqId=2100, Code=10358, Msg=Fundamentals data is not allowed.
2026-02-23 12:41:17.734222: ReqId=2104, Code=10358, Msg=Fundamentals data is not allowed.
2026-02-23 12:51:31.476988: ReqId=2108, Code=10358, Msg=Fundamentals data is not allowed.
2026-02-23 13:00:45.340308: ReqId=2112, Code=10358, Msg=Fundamentals data is not allowed.
2026-02-23 14:18:53.278845: ReqId=-1, Code=2103, Msg=Market data farm connection is broken:hfarm
2026-02-23 14:18:55.195884: ReqId=-1, Code=2104, Msg=Market data farm connection is OK:hfarm
2026-02-23 14:20:51.989343: ReqId=2116, Code=10358, Msg=Fundamentals data is not allowed.
2026-02-23 14:24:50.094305: ReqId=-1, Code=2103, Msg=Market data farm connection is broken:hfarm
2026-02-23 14:24:51.449810: ReqId=-1, Code=2104, Msg=Market data farm connection is OK:hfarm
2026-02-23 14:31:07.445729: ReqId=2120, Code=10358, Msg=Fundamentals data is not allowed.
2026-02-23 14:31:17.958229: ReqId=2124, Code=10358, Msg=Fundamentals data is not allowed.
2026-02-23 15:10:56.505805: ReqId=2128, Code=10358, Msg=Fundamentals data is not allowed.
2026-02-23 16:01:49.473651: ReqId=2132, Code=10358, Msg=Fundamentals data is not allowed.
2026-02-23 16:01:59.997215: ReqId=2136, Code=10358, Msg=Fundamentals data is not allowed.
2026-02-23 16:02:09.887432: ReqId=2137, Code=162, Msg=Historical Market Data Service error message:HMDS query returned no data: ASPCR@SMART Trades
2026-02-23 16:02:40.194854: ReqId=2139, Code=162, Msg=Historical Market Data Service error message:HMDS query returned no data: ASPCR@SMART Trades
2026-02-24 08:48:54.726156: ReqId=-1, Code=2104, Msg=Market data farm connection is OK:cafarm
2026-02-24 08:48:54.726156: ReqId=-1, Code=2104, Msg=Market data farm connection is OK:hfarm
2026-02-24 08:48:54.726156: ReqId=-1, Code=2104, Msg=Market data farm connection is OK:cashfarm
2026-02-24 08:48:54.727156: ReqId=-1, Code=2104, Msg=Market data farm connection is OK:usopt.nj
2026-02-24 08:48:54.727156: ReqId=-1, Code=2104, Msg=Market data farm connection is OK:usfarm.nj
2026-02-24 08:48:54.728163: ReqId=-1, Code=2104, Msg=Market data farm connection is OK:usfarm
2026-02-24 08:48:54.728163: ReqId=-1, Code=2106, Msg=HMDS data farm connection is OK:euhmds
2026-02-24 08:48:54.729159: ReqId=-1, Code=2106, Msg=HMDS data farm connection is OK:fundfarm
2026-02-24 08:48:54.730158: ReqId=-1, Code=2106, Msg=HMDS data farm connection is OK:ushmds
2026-02-24 08:48:54.732160: ReqId=-1, Code=2158, Msg=Sec-def data farm connection is OK:secdefnj
2026-02-24 08:49:01.933512: ReqId=2000, Code=10358, Msg=Fundamentals data is not allowed.
2026-02-24 08:49:11.836684: ReqId=2001, Code=10358, Msg=Fundamentals data is not allowed.
2026-02-24 08:49:21.843974: ReqId=2002, Code=10358, Msg=Fundamentals data is not allowed.
2026-02-24 08:49:31.851596: ReqId=2003, Code=10358, Msg=Fundamentals data is not allowed.
2026-02-24 08:49:41.862277: ReqId=2004, Code=10358, Msg=Fundamentals data is not allowed.
2026-02-24 08:49:51.864068: ReqId=2005, Code=10358, Msg=Fundamentals data is not allowed.
2026-02-24 08:50:01.878470: ReqId=2006, Code=10358, Msg=Fundamentals data is not allowed.
2026-02-24 08:50:11.889408: ReqId=2007, Code=10358, Msg=Fundamentals data is not allowed.
2026-02-24 08:50:21.897224: ReqId=2008, Code=10358, Msg=Fundamentals data is not allowed.
2026-02-24 08:50:31.900357: ReqId=2009, Code=10358, Msg=Fundamentals data is not allowed.
2026-02-24 08:50:41.907074: ReqId=2010, Code=10358, Msg=Fundamentals data is not allowed.
2026-02-24 08:50:51.915870: ReqId=2011, Code=10358, Msg=Fundamentals data is not allowed.
2026-02-24 08:51:01.922161: ReqId=2012, Code=10358, Msg=Fundamentals data is not allowed.
2026-02-24 08:51:11.926578: ReqId=2013, Code=10358, Msg=Fundamentals data is not allowed.
2026-02-24 08:51:21.932141: ReqId=2014, Code=10358, Msg=Fundamentals data is not allowed.
2026-02-24 08:51:31.942756: ReqId=2015, Code=10358, Msg=Fundamentals data is not allowed.
2026-02-24 08:51:41.959656: ReqId=2016, Code=10358, Msg=Fundamentals data is not allowed.
2026-02-24 08:51:51.971269: ReqId=2017, Code=10358, Msg=Fundamentals data is not allowed.
2026-02-24 08:52:01.972468: ReqId=2018, Code=10358, Msg=Fundamentals data is not allowed.
2026-02-24 08:52:11.984769: ReqId=2019, Code=10358, Msg=Fundamentals data is not allowed.
2026-02-24 08:59:32.613720: ReqId=2080, Code=10358, Msg=Fundamentals data is not allowed.
2026-02-24 08:59:43.109556: ReqId=2084, Code=10358, Msg=Fundamentals data is not allowed.
2026-02-24 09:19:04.451146: ReqId=2088, Code=10358, Msg=Fundamentals data is not allowed.
2026-02-24 09:28:35.094908: ReqId=-1, Code=2104, Msg=Market data farm connection is OK:cafarm
2026-02-24 09:28:35.095907: ReqId=-1, Code=2104, Msg=Market data farm connection is OK:hfarm
2026-02-24 09:28:35.095907: ReqId=-1, Code=2104, Msg=Market data farm connection is OK:cashfarm
2026-02-24 09:28:35.096903: ReqId=-1, Code=2104, Msg=Market data farm connection is OK:usopt.nj
2026-02-24 09:28:35.096903: ReqId=-1, Code=2104, Msg=Market data farm connection is OK:usfarm.nj
2026-02-24 09:28:35.096903: ReqId=-1, Code=2104, Msg=Market data farm connection is OK:usfarm
2026-02-24 09:28:35.096903: ReqId=-1, Code=2106, Msg=HMDS data farm connection is OK:euhmds
2026-02-24 09:28:35.097904: ReqId=-1, Code=2106, Msg=HMDS data farm connection is OK:fundfarm
2026-02-24 09:28:35.097904: ReqId=-1, Code=2106, Msg=HMDS data farm connection is OK:ushmds
2026-02-24 09:28:35.097904: ReqId=-1, Code=2158, Msg=Sec-def data farm connection is OK:secdefnj
2026-02-24 09:28:41.903353: ReqId=2000, Code=10358, Msg=Fundamentals data is not allowed.
2026-02-24 09:28:51.819597: ReqId=2001, Code=10358, Msg=Fundamentals data is not allowed.
2026-02-24 09:29:01.825030: ReqId=2002, Code=10358, Msg=Fundamentals data is not allowed.
2026-02-24 09:29:11.835254: ReqId=2003, Code=10358, Msg=Fundamentals data is not allowed.
2026-02-24 09:29:21.848374: ReqId=2004, Code=10358, Msg=Fundamentals data is not allowed.
2026-02-24 09:29:31.855772: ReqId=2005, Code=10358, Msg=Fundamentals data is not allowed.
2026-02-24 09:29:41.863726: ReqId=2006, Code=10358, Msg=Fundamentals data is not allowed.
2026-02-24 09:29:51.871869: ReqId=2007, Code=10358, Msg=Fundamentals data is not allowed.
2026-02-24 09:30:01.874610: ReqId=2008, Code=10358, Msg=Fundamentals data is not allowed.
2026-02-24 09:30:11.870932: ReqId=2009, Code=10358, Msg=Fundamentals data is not allowed.
2026-02-24 09:30:21.870786: ReqId=2010, Code=10358, Msg=Fundamentals data is not allowed.
2026-02-24 09:30:31.878193: ReqId=2011, Code=10358, Msg=Fundamentals data is not allowed.
2026-02-24 09:30:41.888475: ReqId=2012, Code=10358, Msg=Fundamentals data is not allowed.
2026-02-24 09:30:51.895758: ReqId=2013, Code=10358, Msg=Fundamentals data is not allowed.
2026-02-24 09:31:01.906194: ReqId=2014, Code=10358, Msg=Fundamentals data is not allowed.
2026-02-24 09:31:11.907347: ReqId=2015, Code=10358, Msg=Fundamentals data is not allowed.
2026-02-24 09:31:21.917497: ReqId=2016, Code=10358, Msg=Fundamentals data is not allowed.
2026-02-24 09:31:31.923509: ReqId=2017, Code=10358, Msg=Fundamentals data is not allowed.
2026-02-24 09:31:41.929060: ReqId=2018, Code=10358, Msg=Fundamentals data is not allowed.
2026-02-24 09:31:51.939410: ReqId=2019, Code=10358, Msg=Fundamentals data is not allowed.
2026-02-24 09:38:51.030638: ReqId=-1, Code=2104, Msg=Market data farm connection is OK:cafarm
2026-02-24 09:38:51.031637: ReqId=-1, Code=2104, Msg=Market data farm connection is OK:hfarm
2026-02-24 09:38:51.031637: ReqId=-1, Code=2104, Msg=Market data farm connection is OK:cashfarm
2026-02-24 09:38:51.032638: ReqId=-1, Code=2104, Msg=Market data farm connection is OK:usopt.nj
2026-02-24 09:38:51.032638: ReqId=-1, Code=2104, Msg=Market data farm connection is OK:usfarm.nj
2026-02-24 09:38:51.033646: ReqId=-1, Code=2104, Msg=Market data farm connection is OK:usfarm
2026-02-24 09:38:51.033646: ReqId=-1, Code=2106, Msg=HMDS data farm connection is OK:euhmds
2026-02-24 09:38:51.033646: ReqId=-1, Code=2106, Msg=HMDS data farm connection is OK:fundfarm
2026-02-24 09:38:51.034639: ReqId=-1, Code=2106, Msg=HMDS data farm connection is OK:ushmds
2026-02-24 09:38:51.034639: ReqId=-1, Code=2158, Msg=Sec-def data farm connection is OK:secdefnj
2026-02-24 09:38:53.665964: ReqId=2000, Code=10358, Msg=Fundamentals data is not allowed.
2026-02-24 09:39:03.787944: ReqId=2002, Code=10358, Msg=Fundamentals data is not allowed.
2026-02-24 09:39:13.888990: ReqId=2004, Code=10358, Msg=Fundamentals data is not allowed.
2026-02-24 09:39:24.000749: ReqId=2006, Code=10358, Msg=Fundamentals data is not allowed.
2026-02-24 09:39:34.106452: ReqId=2008, Code=10358, Msg=Fundamentals data is not allowed.
2026-02-24 09:39:44.211964: ReqId=2010, Code=10358, Msg=Fundamentals data is not allowed.
2026-02-24 09:39:54.322075: ReqId=2012, Code=10358, Msg=Fundamentals data is not allowed.
2026-02-24 09:40:04.535996: ReqId=2014, Code=10358, Msg=Fundamentals data is not allowed.
2026-02-24 09:40:14.649187: ReqId=2016, Code=10358, Msg=Fundamentals data is not allowed.
2026-02-24 09:40:24.753324: ReqId=2018, Code=10358, Msg=Fundamentals data is not allowed.
2026-02-24 09:40:34.955922: ReqId=2020, Code=10358, Msg=Fundamentals data is not allowed.
2026-02-24 09:40:45.166233: ReqId=2022, Code=10358, Msg=Fundamentals data is not allowed.
2026-02-24 09:40:55.272504: ReqId=2024, Code=10358, Msg=Fundamentals data is not allowed.
2026-02-24 09:41:05.379581: ReqId=2026, Code=10358, Msg=Fundamentals data is not allowed.
2026-02-24 09:41:15.489879: ReqId=2028, Code=10358, Msg=Fundamentals data is not allowed.
2026-02-24 09:41:25.703503: ReqId=2030, Code=10358, Msg=Fundamentals data is not allowed.
2026-02-24 09:41:35.816849: ReqId=2032, Code=10358, Msg=Fundamentals data is not allowed.
2026-02-24 09:41:45.926539: ReqId=2034, Code=10358, Msg=Fundamentals data is not allowed.
2026-02-24 09:41:56.139644: ReqId=2036, Code=10358, Msg=Fundamentals data is not allowed.
2026-02-24 09:42:06.242922: ReqId=2038, Code=10358, Msg=Fundamentals data is not allowed.
2026-02-24 09:48:07.435280: ReqId=-1, Code=2104, Msg=Market data farm connection is OK:cafarm
2026-02-24 09:48:07.436284: ReqId=-1, Code=2104, Msg=Market data farm connection is OK:hfarm
2026-02-24 09:48:07.436284: ReqId=-1, Code=2104, Msg=Market data farm connection is OK:cashfarm
2026-02-24 09:48:07.436284: ReqId=-1, Code=2104, Msg=Market data farm connection is OK:usopt.nj
2026-02-24 09:48:07.437280: ReqId=-1, Code=2104, Msg=Market data farm connection is OK:usfarm.nj
2026-02-24 09:48:07.437280: ReqId=-1, Code=2104, Msg=Market data farm connection is OK:usfarm
2026-02-24 09:48:07.437280: ReqId=-1, Code=2106, Msg=HMDS data farm connection is OK:euhmds
2026-02-24 09:48:07.438282: ReqId=-1, Code=2106, Msg=HMDS data farm connection is OK:fundfarm
2026-02-24 09:48:07.438282: ReqId=-1, Code=2106, Msg=HMDS data farm connection is OK:ushmds
2026-02-24 09:48:07.438282: ReqId=-1, Code=2158, Msg=Sec-def data farm connection is OK:secdefnj
2026-02-24 09:48:11.920515: ReqId=2000, Code=10358, Msg=Fundamentals data is not allowed.
2026-02-24 09:48:22.039585: ReqId=2002, Code=10358, Msg=Fundamentals data is not allowed.
2026-02-24 09:48:32.144361: ReqId=2004, Code=10358, Msg=Fundamentals data is not allowed.
2026-02-24 09:48:42.246529: ReqId=2006, Code=10358, Msg=Fundamentals data is not allowed.
2026-02-24 09:48:52.352052: ReqId=2008, Code=10358, Msg=Fundamentals data is not allowed.
2026-02-24 09:49:02.460822: ReqId=2010, Code=10358, Msg=Fundamentals data is not allowed.
2026-02-24 09:49:12.567497: ReqId=2012, Code=10358, Msg=Fundamentals data is not allowed.
2026-02-24 09:49:22.687826: ReqId=2014, Code=10358, Msg=Fundamentals data is not allowed.
2026-02-24 09:49:32.904432: ReqId=2016, Code=10358, Msg=Fundamentals data is not allowed.
2026-02-24 09:49:43.122726: ReqId=2018, Code=10358, Msg=Fundamentals data is not allowed.
2026-02-24 09:49:53.339711: ReqId=2020, Code=10358, Msg=Fundamentals data is not allowed.
2026-02-24 09:50:03.542782: ReqId=2022, Code=10358, Msg=Fundamentals data is not allowed.
2026-02-24 09:50:13.649202: ReqId=2024, Code=10358, Msg=Fundamentals data is not allowed.
2026-02-24 09:50:23.765876: ReqId=2026, Code=10358, Msg=Fundamentals data is not allowed.
2026-02-24 09:50:33.871750: ReqId=2028, Code=10358, Msg=Fundamentals data is not allowed.
2026-02-24 09:50:44.075837: ReqId=2030, Code=10358, Msg=Fundamentals data is not allowed.
2026-02-24 09:50:54.188165: ReqId=2032, Code=10358, Msg=Fundamentals data is not allowed.
2026-02-24 09:51:04.306090: ReqId=2034, Code=10358, Msg=Fundamentals data is not allowed.
2026-02-24 09:51:14.405754: ReqId=2036, Code=10358, Msg=Fundamentals data is not allowed.
2026-02-24 09:51:24.522796: ReqId=2038, Code=10358, Msg=Fundamentals data is not allowed.
2026-02-24 09:54:20.807772: ReqId=-1, Code=2104, Msg=Market data farm connection is OK:cafarm
2026-02-24 09:54:20.808771: ReqId=-1, Code=2104, Msg=Market data farm connection is OK:hfarm
2026-02-24 09:54:20.808771: ReqId=-1, Code=2104, Msg=Market data farm connection is OK:cashfarm
2026-02-24 09:54:20.810772: ReqId=-1, Code=2104, Msg=Market data farm connection is OK:usopt.nj
2026-02-24 09:54:20.810772: ReqId=-1, Code=2104, Msg=Market data farm connection is OK:usfarm.nj
2026-02-24 09:54:20.811444: ReqId=-1, Code=2104, Msg=Market data farm connection is OK:usfarm
2026-02-24 09:54:20.811444: ReqId=-1, Code=2106, Msg=HMDS data farm connection is OK:euhmds
2026-02-24 09:54:20.812454: ReqId=-1, Code=2106, Msg=HMDS data farm connection is OK:fundfarm
2026-02-24 09:54:20.812454: ReqId=-1, Code=2106, Msg=HMDS data farm connection is OK:ushmds
2026-02-24 09:54:20.812454: ReqId=-1, Code=2158, Msg=Sec-def data farm connection is OK:secdefnj
2026-02-24 09:54:23.754590: ReqId=2000, Code=10358, Msg=Fundamentals data is not allowed.
2026-02-24 09:54:33.982976: ReqId=2002, Code=10358, Msg=Fundamentals data is not allowed.
2026-02-24 09:54:44.079631: ReqId=2004, Code=10358, Msg=Fundamentals data is not allowed.
2026-02-24 09:54:54.186592: ReqId=2006, Code=10358, Msg=Fundamentals data is not allowed.
2026-02-24 09:55:04.289442: ReqId=2008, Code=10358, Msg=Fundamentals data is not allowed.
2026-02-24 09:55:14.410119: ReqId=2010, Code=10358, Msg=Fundamentals data is not allowed.
2026-02-24 09:55:24.516988: ReqId=2012, Code=10358, Msg=Fundamentals data is not allowed.
2026-02-24 09:55:34.629235: ReqId=2014, Code=10358, Msg=Fundamentals data is not allowed.
2026-02-24 09:55:44.850418: ReqId=2016, Code=10358, Msg=Fundamentals data is not allowed.
2026-02-24 09:55:54.959433: ReqId=2018, Code=10358, Msg=Fundamentals data is not allowed.
2026-02-24 09:56:05.076094: ReqId=2020, Code=10358, Msg=Fundamentals data is not allowed.
2026-02-24 09:56:15.293469: ReqId=2022, Code=10358, Msg=Fundamentals data is not allowed.
2026-02-24 09:56:25.404128: ReqId=2024, Code=10358, Msg=Fundamentals data is not allowed.
2026-02-24 09:56:35.511295: ReqId=2026, Code=10358, Msg=Fundamentals data is not allowed.
2026-02-24 09:56:45.624533: ReqId=2028, Code=10358, Msg=Fundamentals data is not allowed.
2026-02-24 09:56:55.838618: ReqId=2030, Code=10358, Msg=Fundamentals data is not allowed.
2026-02-24 09:57:05.940939: ReqId=2032, Code=10358, Msg=Fundamentals data is not allowed.
2026-02-24 09:57:16.054359: ReqId=2034, Code=10358, Msg=Fundamentals data is not allowed.
2026-02-24 09:57:26.156939: ReqId=2036, Code=10358, Msg=Fundamentals data is not allowed.
2026-02-24 09:57:36.263694: ReqId=2038, Code=10358, Msg=Fundamentals data is not allowed.
2026-02-24 10:04:54.718543: ReqId=2100, Code=10358, Msg=Fundamentals data is not allowed.
2026-02-24 10:05:05.140017: ReqId=2105, Code=10358, Msg=Fundamentals data is not allowed.
2026-02-24 10:05:15.452982: ReqId=2110, Code=10358, Msg=Fundamentals data is not allowed.
2026-02-24 10:05:25.772035: ReqId=2115, Code=10358, Msg=Fundamentals data is not allowed.
2026-02-24 10:05:35.978764: ReqId=2120, Code=10358, Msg=Fundamentals data is not allowed.
2026-02-24 10:14:49.781843: ReqId=2125, Code=10358, Msg=Fundamentals data is not allowed.
2026-02-24 10:25:06.714186: ReqId=2130, Code=10358, Msg=Fundamentals data is not allowed.
2026-02-24 10:35:24.408532: ReqId=2135, Code=10358, Msg=Fundamentals data is not allowed.
2026-02-24 10:35:35.024202: ReqId=2140, Code=10358, Msg=Fundamentals data is not allowed.
2026-02-24 10:35:45.244786: ReqId=2145, Code=10358, Msg=Fundamentals data is not allowed.
2026-02-24 10:45:01.516122: ReqId=2150, Code=10358, Msg=Fundamentals data is not allowed.
2026-02-24 10:55:18.292553: ReqId=2155, Code=10358, Msg=Fundamentals data is not allowed.
2026-02-24 11:04:35.230316: ReqId=2160, Code=10358, Msg=Fundamentals data is not allowed.
2026-02-24 11:14:52.341383: ReqId=2165, Code=10358, Msg=Fundamentals data is not allowed.
2026-02-24 11:25:09.457908: ReqId=2170, Code=10358, Msg=Fundamentals data is not allowed.
2026-02-24 11:35:26.547519: ReqId=2175, Code=10358, Msg=Fundamentals data is not allowed.
2026-02-24 11:35:37.060527: ReqId=2180, Code=10358, Msg=Fundamentals data is not allowed.
2026-02-24 11:44:53.329276: ReqId=2185, Code=10358, Msg=Fundamentals data is not allowed.
2026-02-24 11:45:03.940804: ReqId=2190, Code=10358, Msg=Fundamentals data is not allowed.
2026-02-24 11:55:21.369253: ReqId=2195, Code=10358, Msg=Fundamentals data is not allowed.
2026-02-24 12:14:43.705475: ReqId=2200, Code=10358, Msg=Fundamentals data is not allowed.
2026-02-24 12:25:00.246065: ReqId=2205, Code=10358, Msg=Fundamentals data is not allowed.
2026-02-24 12:35:17.560035: ReqId=2210, Code=10358, Msg=Fundamentals data is not allowed.
2026-02-24 12:35:28.168897: ReqId=2215, Code=10358, Msg=Fundamentals data is not allowed.
2026-02-24 12:44:44.579331: ReqId=2220, Code=10358, Msg=Fundamentals data is not allowed.
2026-02-24 12:44:55.189905: ReqId=2225, Code=10358, Msg=Fundamentals data is not allowed.
2026-02-24 12:55:12.043901: ReqId=2230, Code=10358, Msg=Fundamentals data is not allowed.
2026-02-24 12:55:22.563388: ReqId=2235, Code=10358, Msg=Fundamentals data is not allowed.
2026-02-24 13:04:38.835051: ReqId=2240, Code=10358, Msg=Fundamentals data is not allowed.
2026-02-24 13:25:02.154992: ReqId=2245, Code=10358, Msg=Fundamentals data is not allowed.
2026-02-24 14:05:38.478663: ReqId=2250, Code=10358, Msg=Fundamentals data is not allowed.
2026-02-24 14:10:04.165759: ReqId=-1, Code=2103, Msg=Market data farm connection is broken:hfarm
2026-02-24 14:10:05.709947: ReqId=-1, Code=2104, Msg=Market data farm connection is OK:hfarm
2026-02-24 14:14:54.427969: ReqId=2255, Code=10358, Msg=Fundamentals data is not allowed.
2026-02-24 16:13:26.249213: ReqId=2260, Code=10358, Msg=Fundamentals data is not allowed.
2026-02-24 16:13:30.503420: ReqId=-1, Code=1100, Msg=Connectivity between IBKR and Trader Workstation has been lost.
2026-02-24 16:13:32.967787: ReqId=-1, Code=2103, Msg=Market data farm connection is broken:hfarm
2026-02-24 16:13:32.984298: ReqId=-1, Code=2103, Msg=Market data farm connection is broken:cafarm
2026-02-24 16:13:33.012302: ReqId=-1, Code=2103, Msg=Market data farm connection is broken:cashfarm
2026-02-24 16:13:33.027304: ReqId=-1, Code=2103, Msg=Market data farm connection is broken:usopt.nj
2026-02-24 16:13:33.072327: ReqId=-1, Code=2103, Msg=Market data farm connection is broken:usfarm.nj
2026-02-24 16:13:33.208969: ReqId=-1, Code=2103, Msg=Market data farm connection is broken:usfarm
2026-02-24 16:13:33.227483: ReqId=-1, Code=2157, Msg=Sec-def data farm connection is broken:secdefnj
2026-02-24 16:13:33.242004: ReqId=-1, Code=2105, Msg=HMDS data farm connection is broken:fundfarm
2026-02-24 16:13:33.255517: ReqId=-1, Code=2105, Msg=HMDS data farm connection is broken:euhmds
2026-02-24 16:13:33.262517: ReqId=-1, Code=2105, Msg=HMDS data farm connection is broken:ushmds
2026-02-24 16:13:34.251499: ReqId=-1, Code=2158, Msg=Sec-def data farm connection is OK:secdefnj
2026-02-24 16:13:34.322562: ReqId=-1, Code=2106, Msg=HMDS data farm connection is OK:fundfarm
2026-02-24 16:13:34.323802: ReqId=-1, Code=2106, Msg=HMDS data farm connection is OK:ushmds
2026-02-24 16:13:34.417182: ReqId=-1, Code=2104, Msg=Market data farm connection is OK:usopt.nj
2026-02-24 16:13:34.444770: ReqId=-1, Code=2104, Msg=Market data farm connection is OK:cashfarm
2026-02-24 16:13:34.459275: ReqId=-1, Code=2104, Msg=Market data farm connection is OK:usfarm.nj
2026-02-24 16:13:34.698515: ReqId=-1, Code=2104, Msg=Market data farm connection is OK:usfarm
2026-02-24 16:13:34.986832: ReqId=-1, Code=2104, Msg=Market data farm connection is OK:cafarm
2026-02-24 16:13:34.987835: ReqId=-1, Code=2106, Msg=HMDS data farm connection is OK:euhmds
2026-02-24 16:13:35.168601: ReqId=-1, Code=2104, Msg=Market data farm connection is OK:hfarm
2026-02-24 16:13:35.320562: ReqId=-1, Code=1102, Msg=Connectivity between IBKR and Trader Workstation has been restored - data maintained. All data farms are connected: cafarm; hfarm; cashfarm; usopt.nj; usfarm.nj; usfarm; euhmds; fundfarm; ushmds; secdefnj.
2026-02-25 08:06:47.078245: ReqId=-1, Code=2104, Msg=Market data farm connection is OK:cafarm
2026-02-25 08:06:47.078245: ReqId=-1, Code=2104, Msg=Market data farm connection is OK:hfarm
2026-02-25 08:06:47.079754: ReqId=-1, Code=2104, Msg=Market data farm connection is OK:eufarmnj
2026-02-25 08:06:47.079754: ReqId=-1, Code=2104, Msg=Market data farm connection is OK:cashfarm
2026-02-25 08:06:47.079754: ReqId=-1, Code=2104, Msg=Market data farm connection is OK:usfuture
2026-02-25 08:06:47.080766: ReqId=-1, Code=2104, Msg=Market data farm connection is OK:usopt.nj
2026-02-25 08:06:47.080766: ReqId=-1, Code=2104, Msg=Market data farm connection is OK:jfarm
2026-02-25 08:06:47.082764: ReqId=-1, Code=2104, Msg=Market data farm connection is OK:usfarm.nj
2026-02-25 08:06:47.082764: ReqId=-1, Code=2104, Msg=Market data farm connection is OK:usfarm
2026-02-25 08:06:47.082764: ReqId=-1, Code=2106, Msg=HMDS data farm connection is OK:euhmds
2026-02-25 08:06:47.083764: ReqId=-1, Code=2106, Msg=HMDS data farm connection is OK:fundfarm
2026-02-25 08:06:47.083764: ReqId=-1, Code=2106, Msg=HMDS data farm connection is OK:ushmds
2026-02-25 08:06:47.083764: ReqId=-1, Code=2158, Msg=Sec-def data farm connection is OK:secdefnj
2026-02-25 08:06:53.785422: ReqId=2000, Code=10358, Msg=Fundamentals data is not allowed.
2026-02-25 08:07:03.896395: ReqId=2002, Code=10358, Msg=Fundamentals data is not allowed.
2026-02-25 08:07:14.099179: ReqId=2004, Code=10358, Msg=Fundamentals data is not allowed.
2026-02-25 08:07:24.313216: ReqId=2006, Code=10358, Msg=Fundamentals data is not allowed.
2026-02-25 08:07:34.519128: ReqId=2008, Code=10358, Msg=Fundamentals data is not allowed.
2026-02-25 08:07:44.732097: ReqId=2010, Code=10358, Msg=Fundamentals data is not allowed.
2026-02-25 08:07:54.943227: ReqId=2012, Code=10358, Msg=Fundamentals data is not allowed.
2026-02-25 08:08:05.156995: ReqId=2014, Code=10358, Msg=Fundamentals data is not allowed.
2026-02-25 08:08:15.361001: ReqId=2016, Code=10358, Msg=Fundamentals data is not allowed.
2026-02-25 08:08:25.563956: ReqId=2018, Code=10358, Msg=Fundamentals data is not allowed.
2026-02-25 08:08:35.778746: ReqId=2020, Code=10358, Msg=Fundamentals data is not allowed.
2026-02-25 08:08:45.996345: ReqId=2022, Code=10358, Msg=Fundamentals data is not allowed.
2026-02-25 08:08:55.795064: ReqId=-1, Code=2108, Msg=Market data farm connection is inactive but should be available upon demand.hfarm
2026-02-25 08:08:55.799063: ReqId=-1, Code=2108, Msg=Market data farm connection is inactive but should be available upon demand.hfarm
2026-02-25 08:08:55.805063: ReqId=-1, Code=2108, Msg=Market data farm connection is inactive but should be available upon demand.eufarmnj
2026-02-25 08:08:55.811065: ReqId=-1, Code=2108, Msg=Market data farm connection is inactive but should be available upon demand.eufarmnj
2026-02-25 08:08:55.812065: ReqId=-1, Code=2108, Msg=Market data farm connection is inactive but should be available upon demand.usfuture
2026-02-25 08:08:55.814064: ReqId=-1, Code=2108, Msg=Market data farm connection is inactive but should be available upon demand.usfuture
2026-02-25 08:08:56.199283: ReqId=2024, Code=10358, Msg=Fundamentals data is not allowed.
2026-02-25 08:09:06.402592: ReqId=2026, Code=10358, Msg=Fundamentals data is not allowed.
2026-02-25 08:09:16.609340: ReqId=2028, Code=10358, Msg=Fundamentals data is not allowed.
2026-02-25 08:09:26.812100: ReqId=2030, Code=10358, Msg=Fundamentals data is not allowed.
2026-02-25 08:09:37.017960: ReqId=2032, Code=10358, Msg=Fundamentals data is not allowed.
2026-02-25 08:09:47.222926: ReqId=2034, Code=10358, Msg=Fundamentals data is not allowed.
2026-02-25 08:09:57.438326: ReqId=2036, Code=10358, Msg=Fundamentals data is not allowed.
2026-02-25 08:10:07.656423: ReqId=2038, Code=10358, Msg=Fundamentals data is not allowed.
2026-02-25 08:17:27.179145: ReqId=2100, Code=10358, Msg=Fundamentals data is not allowed.
2026-02-25 08:17:37.682088: ReqId=2105, Code=10358, Msg=Fundamentals data is not allowed.
2026-02-25 08:17:48.095070: ReqId=2110, Code=10358, Msg=Fundamentals data is not allowed.
2026-02-25 08:27:05.188012: ReqId=2115, Code=10358, Msg=Fundamentals data is not allowed.
2026-02-25 08:27:15.704805: ReqId=2120, Code=10358, Msg=Fundamentals data is not allowed.
2026-02-25 08:37:33.495429: ReqId=2125, Code=10358, Msg=Fundamentals data is not allowed.
2026-02-25 08:37:44.109083: ReqId=2130, Code=10358, Msg=Fundamentals data is not allowed.
2026-02-25 08:47:01.150165: ReqId=2135, Code=10358, Msg=Fundamentals data is not allowed.
2026-02-25 08:47:11.763414: ReqId=2140, Code=10358, Msg=Fundamentals data is not allowed.
2026-02-25 08:57:28.057725: ReqId=2145, Code=10358, Msg=Fundamentals data is not allowed.
2026-02-25 09:07:44.516192: ReqId=2150, Code=10358, Msg=Fundamentals data is not allowed.
2026-02-25 09:16:58.269778: ReqId=2155, Code=10358, Msg=Fundamentals data is not allowed.
2026-02-25 09:17:08.870503: ReqId=2160, Code=10358, Msg=Fundamentals data is not allowed.
2026-02-25 09:17:19.084216: ReqId=2165, Code=10358, Msg=Fundamentals data is not allowed.
2026-02-25 09:27:34.255752: ReqId=2170, Code=10358, Msg=Fundamentals data is not allowed.
2026-02-25 09:37:50.856583: ReqId=2175, Code=10358, Msg=Fundamentals data is not allowed.
2026-02-25 09:38:01.460095: ReqId=2180, Code=10358, Msg=Fundamentals data is not allowed.
2026-02-25 09:38:11.667316: ReqId=2185, Code=10358, Msg=Fundamentals data is not allowed.
2026-02-25 09:38:22.076133: ReqId=2190, Code=10358, Msg=Fundamentals data is not allowed.
2026-02-25 09:47:39.953729: ReqId=2195, Code=10358, Msg=Fundamentals data is not allowed.
2026-02-25 09:47:50.558117: ReqId=2200, Code=10358, Msg=Fundamentals data is not allowed.
2026-02-25 09:48:00.866610: ReqId=2205, Code=10358, Msg=Fundamentals data is not allowed.
2026-02-25 09:48:11.167396: ReqId=2210, Code=10358, Msg=Fundamentals data is not allowed.
2026-02-25 09:48:21.381502: ReqId=2215, Code=10358, Msg=Fundamentals data is not allowed.
2026-02-25 09:57:38.883802: ReqId=2220, Code=10358, Msg=Fundamentals data is not allowed.
2026-02-25 10:07:57.813992: ReqId=2225, Code=10358, Msg=Fundamentals data is not allowed.
2026-02-25 10:27:23.914140: ReqId=2230, Code=10358, Msg=Fundamentals data is not allowed.
2026-02-25 10:27:34.523972: ReqId=2235, Code=10358, Msg=Fundamentals data is not allowed.
2026-02-25 10:37:52.891563: ReqId=2240, Code=10358, Msg=Fundamentals data is not allowed.
2026-02-25 10:47:10.627776: ReqId=2245, Code=10358, Msg=Fundamentals data is not allowed.
2026-02-25 10:47:21.332038: ReqId=2250, Code=10358, Msg=Fundamentals data is not allowed.
2026-02-25 11:17:56.314174: ReqId=2255, Code=10358, Msg=Fundamentals data is not allowed.
2026-02-25 11:18:06.817328: ReqId=2260, Code=10358, Msg=Fundamentals data is not allowed.
2026-02-25 11:27:24.445360: ReqId=2265, Code=10358, Msg=Fundamentals data is not allowed.
2026-02-25 11:37:43.275710: ReqId=2270, Code=10358, Msg=Fundamentals data is not allowed.
2026-02-25 11:37:53.792985: ReqId=2275, Code=10358, Msg=Fundamentals data is not allowed.
2026-02-25 11:47:11.286585: ReqId=2280, Code=10358, Msg=Fundamentals data is not allowed.
2026-02-25 11:47:21.792837: ReqId=2285, Code=10358, Msg=Fundamentals data is not allowed.
2026-02-25 11:57:40.150399: ReqId=2290, Code=10358, Msg=Fundamentals data is not allowed.
2026-02-25 11:57:50.564692: ReqId=2295, Code=10358, Msg=Fundamentals data is not allowed.
2026-02-25 12:17:15.505183: ReqId=2300, Code=10358, Msg=Fundamentals data is not allowed.
2026-02-25 12:17:26.007628: ReqId=2305, Code=10358, Msg=Fundamentals data is not allowed.
2026-02-25 12:17:36.324946: ReqId=2310, Code=10358, Msg=Fundamentals data is not allowed.
2026-02-25 13:07:24.584321: ReqId=2315, Code=10358, Msg=Fundamentals data is not allowed.
2026-02-25 13:27:46.769342: ReqId=2320, Code=10358, Msg=Fundamentals data is not allowed.
2026-02-25 14:30:17.272702: ReqId=-1, Code=2103, Msg=Market data farm connection is broken:jfarm
2026-02-25 14:30:19.050353: ReqId=-1, Code=2104, Msg=Market data farm connection is OK:jfarm
2026-02-25 14:30:50.310074: ReqId=-1, Code=2103, Msg=Market data farm connection is broken:jfarm
2026-02-25 14:30:51.641752: ReqId=-1, Code=2104, Msg=Market data farm connection is OK:jfarm
2026-02-25 15:17:54.542316: ReqId=2325, Code=10358, Msg=Fundamentals data is not allowed.
2026-02-25 15:38:14.432825: ReqId=2330, Code=10358, Msg=Fundamentals data is not allowed.
2026-02-25 15:58:53.654089: ReqId=-1, Code=2103, Msg=Market data farm connection is broken:usfarm
2026-02-25 15:58:54.606584: ReqId=-1, Code=2104, Msg=Market data farm connection is OK:usfarm
2026-02-25 17:09:04.678024: ReqId=-1, Code=2103, Msg=Market data farm connection is broken:cashfarm
2026-02-25 17:09:05.304224: ReqId=-1, Code=2104, Msg=Market data farm connection is OK:cashfarm
2026-02-25 20:08:17.262349: ReqId=-1, Code=504, Msg=Not connected
2026-02-25 20:08:27.275051: ReqId=2336, Code=504, Msg=Not connected
2026-02-25 20:08:57.440873: ReqId=2337, Code=504, Msg=Not connected
2026-02-25 20:09:27.617556: ReqId=-1, Code=504, Msg=Not connected
2026-02-25 20:09:27.618463: ReqId=2339, Code=504, Msg=Not connected
2026-02-25 20:09:27.618463: ReqId=2338, Code=504, Msg=Not connected
2026-02-25 20:09:27.619441: ReqId=-1, Code=504, Msg=Not connected
2026-02-25 20:09:37.634100: ReqId=2341, Code=504, Msg=Not connected
2026-02-25 20:10:07.782810: ReqId=2342, Code=504, Msg=Not connected
2026-02-25 20:10:37.946039: ReqId=-1, Code=504, Msg=Not connected
2026-02-25 20:10:37.947040: ReqId=2344, Code=504, Msg=Not connected
2026-02-25 20:10:37.950045: ReqId=2343, Code=504, Msg=Not connected
2026-02-25 20:10:37.952038: ReqId=-1, Code=504, Msg=Not connected
2026-02-25 20:10:47.967127: ReqId=2346, Code=504, Msg=Not connected
2026-02-25 20:11:18.159466: ReqId=2347, Code=504, Msg=Not connected
2026-02-25 20:11:48.346572: ReqId=-1, Code=504, Msg=Not connected
2026-02-25 20:11:48.349667: ReqId=2349, Code=504, Msg=Not connected
2026-02-25 20:11:48.353579: ReqId=2348, Code=504, Msg=Not connected
2026-02-25 20:11:48.356615: ReqId=-1, Code=504, Msg=Not connected
2026-02-25 20:11:58.369280: ReqId=2351, Code=504, Msg=Not connected
2026-02-25 20:12:28.544086: ReqId=2352, Code=504, Msg=Not connected
2026-02-25 20:12:58.728568: ReqId=-1, Code=504, Msg=Not connected
2026-02-25 20:12:58.728568: ReqId=2354, Code=504, Msg=Not connected
2026-02-25 20:12:58.736563: ReqId=2353, Code=504, Msg=Not connected
2026-02-25 20:12:58.737549: ReqId=-1, Code=504, Msg=Not connected
2026-02-25 20:13:08.740344: ReqId=2356, Code=504, Msg=Not connected
2026-02-25 20:13:38.920025: ReqId=2357, Code=504, Msg=Not connected
2026-02-25 20:14:09.082263: ReqId=-1, Code=504, Msg=Not connected
2026-02-25 20:14:09.083266: ReqId=2359, Code=504, Msg=Not connected
2026-02-25 20:14:09.084267: ReqId=2358, Code=504, Msg=Not connected
2026-02-25 20:14:09.087266: ReqId=-1, Code=504, Msg=Not connected
2026-02-25 20:14:19.093699: ReqId=2361, Code=504, Msg=Not connected
2026-02-25 20:14:49.254235: ReqId=2362, Code=504, Msg=Not connected
2026-02-25 20:15:19.429944: ReqId=-1, Code=504, Msg=Not connected
2026-02-25 20:15:19.430940: ReqId=2364, Code=504, Msg=Not connected
2026-02-25 20:15:19.432954: ReqId=2363, Code=504, Msg=Not connected
2026-02-25 20:15:19.436941: ReqId=-1, Code=504, Msg=Not connected
2026-02-25 20:15:29.450298: ReqId=2366, Code=504, Msg=Not connected
2026-02-25 20:15:59.607343: ReqId=2367, Code=504, Msg=Not connected
2026-02-25 20:16:29.788106: ReqId=-1, Code=504, Msg=Not connected
2026-02-25 20:16:29.791107: ReqId=2369, Code=504, Msg=Not connected
2026-02-25 20:16:29.793193: ReqId=2368, Code=504, Msg=Not connected
2026-02-25 20:16:29.798097: ReqId=-1, Code=504, Msg=Not connected
2026-02-25 20:16:39.814116: ReqId=2371, Code=504, Msg=Not connected
2026-02-25 20:17:10.005113: ReqId=2372, Code=504, Msg=Not connected
2026-02-25 20:17:40.160915: ReqId=-1, Code=504, Msg=Not connected
2026-02-25 20:17:40.161947: ReqId=2374, Code=504, Msg=Not connected
2026-02-25 20:17:40.161947: ReqId=2373, Code=504, Msg=Not connected
2026-02-25 20:17:40.162923: ReqId=-1, Code=504, Msg=Not connected
2026-02-25 20:17:50.179096: ReqId=2376, Code=504, Msg=Not connected
2026-02-25 20:18:20.350159: ReqId=2377, Code=504, Msg=Not connected
2026-02-25 20:18:50.531325: ReqId=-1, Code=504, Msg=Not connected
2026-02-25 20:18:50.533235: ReqId=2379, Code=504, Msg=Not connected
2026-02-25 20:18:50.533235: ReqId=2378, Code=504, Msg=Not connected
2026-02-25 20:18:50.534210: ReqId=-1, Code=504, Msg=Not connected
2026-02-25 20:19:00.551369: ReqId=2381, Code=504, Msg=Not connected
2026-02-25 20:19:30.745255: ReqId=2382, Code=504, Msg=Not connected
2026-02-25 20:20:00.919733: ReqId=-1, Code=504, Msg=Not connected
2026-02-25 20:20:00.921731: ReqId=2384, Code=504, Msg=Not connected
2026-02-25 20:20:00.926729: ReqId=2383, Code=504, Msg=Not connected
2026-02-25 20:20:00.933730: ReqId=-1, Code=504, Msg=Not connected
2026-02-25 20:20:10.951575: ReqId=2386, Code=504, Msg=Not connected
2026-02-25 20:20:41.136835: ReqId=2387, Code=504, Msg=Not connected
2026-02-25 20:21:11.297718: ReqId=-1, Code=504, Msg=Not connected
2026-02-25 20:21:11.302728: ReqId=2389, Code=504, Msg=Not connected
2026-02-25 20:21:11.306718: ReqId=2388, Code=504, Msg=Not connected
2026-02-25 20:21:11.308673: ReqId=-1, Code=504, Msg=Not connected
2026-02-25 20:21:21.315931: ReqId=2391, Code=504, Msg=Not connected
2026-02-25 20:21:51.488512: ReqId=2392, Code=504, Msg=Not connected
2026-02-25 20:22:21.661902: ReqId=-1, Code=504, Msg=Not connected
2026-02-25 20:22:21.662898: ReqId=2394, Code=504, Msg=Not connected
2026-02-25 20:22:21.672456: ReqId=2393, Code=504, Msg=Not connected
2026-02-25 20:22:21.683459: ReqId=-1, Code=504, Msg=Not connected
2026-02-25 20:22:31.703075: ReqId=2396, Code=504, Msg=Not connected
2026-02-25 20:23:01.872737: ReqId=2397, Code=504, Msg=Not connected
2026-02-25 20:23:32.051053: ReqId=-1, Code=504, Msg=Not connected
2026-02-25 20:23:32.052976: ReqId=2399, Code=504, Msg=Not connected
2026-02-25 20:23:32.057067: ReqId=2398, Code=504, Msg=Not connected
2026-02-25 20:23:32.060007: ReqId=-1, Code=504, Msg=Not connected
2026-02-25 20:23:42.069194: ReqId=2401, Code=504, Msg=Not connected
2026-02-25 20:24:12.232199: ReqId=2402, Code=504, Msg=Not connected
2026-02-25 20:24:42.422568: ReqId=-1, Code=504, Msg=Not connected
2026-02-25 20:24:42.423555: ReqId=2404, Code=504, Msg=Not connected
2026-02-25 20:24:42.427618: ReqId=2403, Code=504, Msg=Not connected
2026-02-26 09:06:07.130444: ReqId=-1, Code=2104, Msg=Market data farm connection is OK:cafarm
2026-02-26 09:06:07.130444: ReqId=-1, Code=2104, Msg=Market data farm connection is OK:hfarm
2026-02-26 09:06:07.130444: ReqId=-1, Code=2104, Msg=Market data farm connection is OK:eufarmnj
2026-02-26 09:06:07.132956: ReqId=-1, Code=2104, Msg=Market data farm connection is OK:cashfarm
2026-02-26 09:06:07.132956: ReqId=-1, Code=2104, Msg=Market data farm connection is OK:usfuture
2026-02-26 09:06:07.132956: ReqId=-1, Code=2104, Msg=Market data farm connection is OK:usopt.nj
2026-02-26 09:06:07.133954: ReqId=-1, Code=2104, Msg=Market data farm connection is OK:jfarm
2026-02-26 09:06:07.133954: ReqId=-1, Code=2104, Msg=Market data farm connection is OK:usfarm.nj
2026-02-26 09:06:07.133954: ReqId=-1, Code=2104, Msg=Market data farm connection is OK:usfarm
2026-02-26 09:06:07.133954: ReqId=-1, Code=2106, Msg=HMDS data farm connection is OK:euhmds
2026-02-26 09:06:07.133954: ReqId=-1, Code=2106, Msg=HMDS data farm connection is OK:fundfarm
2026-02-26 09:06:07.134960: ReqId=-1, Code=2106, Msg=HMDS data farm connection is OK:ushmds
2026-02-26 09:06:07.134960: ReqId=-1, Code=2158, Msg=Sec-def data farm connection is OK:secdefnj
2026-02-26 09:06:13.869344: ReqId=2000, Code=10358, Msg=Fundamentals data is not allowed.
2026-02-26 09:06:23.984643: ReqId=2002, Code=10358, Msg=Fundamentals data is not allowed.
2026-02-26 09:06:34.200882: ReqId=2004, Code=10358, Msg=Fundamentals data is not allowed.
2026-02-26 09:06:44.419672: ReqId=2006, Code=10358, Msg=Fundamentals data is not allowed.
2026-02-26 09:06:54.622736: ReqId=2008, Code=10358, Msg=Fundamentals data is not allowed.
2026-02-26 09:07:04.830845: ReqId=2010, Code=10358, Msg=Fundamentals data is not allowed.
2026-02-26 09:07:15.039923: ReqId=2012, Code=10358, Msg=Fundamentals data is not allowed.
2026-02-26 09:07:25.256849: ReqId=2014, Code=10358, Msg=Fundamentals data is not allowed.
2026-02-26 09:07:35.467600: ReqId=2016, Code=10358, Msg=Fundamentals data is not allowed.
2026-02-26 09:07:45.679286: ReqId=2018, Code=10358, Msg=Fundamentals data is not allowed.
2026-02-26 09:07:55.890307: ReqId=2020, Code=10358, Msg=Fundamentals data is not allowed.
2026-02-26 09:07:57.862458: ReqId=-1, Code=2108, Msg=Market data farm connection is inactive but should be available upon demand.hfarm
2026-02-26 09:07:57.867457: ReqId=-1, Code=2108, Msg=Market data farm connection is inactive but should be available upon demand.hfarm
2026-02-26 09:07:57.883457: ReqId=-1, Code=2108, Msg=Market data farm connection is inactive but should be available upon demand.eufarmnj
2026-02-26 09:07:57.891842: ReqId=-1, Code=2108, Msg=Market data farm connection is inactive but should be available upon demand.eufarmnj
2026-02-26 09:07:57.895844: ReqId=-1, Code=2108, Msg=Market data farm connection is inactive but should be available upon demand.usfuture
2026-02-26 09:07:57.900844: ReqId=-1, Code=2108, Msg=Market data farm connection is inactive but should be available upon demand.jfarm
2026-02-26 09:07:57.905843: ReqId=-1, Code=2108, Msg=Market data farm connection is inactive but should be available upon demand.usfuture
2026-02-26 09:07:57.908843: ReqId=-1, Code=2108, Msg=Market data farm connection is inactive but should be available upon demand.jfarm
2026-02-26 09:08:06.112101: ReqId=2022, Code=10358, Msg=Fundamentals data is not allowed.
2026-02-26 09:08:16.327361: ReqId=2024, Code=10358, Msg=Fundamentals data is not allowed.
2026-02-26 09:08:26.544359: ReqId=2026, Code=10358, Msg=Fundamentals data is not allowed.
2026-02-26 09:08:36.779730: ReqId=2028, Code=10358, Msg=Fundamentals data is not allowed.
2026-02-26 09:08:46.986738: ReqId=2030, Code=10358, Msg=Fundamentals data is not allowed.
2026-02-26 09:08:57.198251: ReqId=2032, Code=10358, Msg=Fundamentals data is not allowed.
2026-02-26 09:09:07.405476: ReqId=2034, Code=10358, Msg=Fundamentals data is not allowed.
2026-02-26 09:09:17.618224: ReqId=2036, Code=10358, Msg=Fundamentals data is not allowed.
2026-02-26 09:09:27.833252: ReqId=2038, Code=10358, Msg=Fundamentals data is not allowed.
2026-02-26 09:16:46.611182: ReqId=2100, Code=10358, Msg=Fundamentals data is not allowed.
2026-02-26 09:16:57.229313: ReqId=2105, Code=10358, Msg=Fundamentals data is not allowed.
2026-02-26 09:27:12.498265: ReqId=2110, Code=10358, Msg=Fundamentals data is not allowed.
2026-02-26 09:27:23.015623: ReqId=2115, Code=10358, Msg=Fundamentals data is not allowed.
2026-02-26 09:27:33.431588: ReqId=2120, Code=10358, Msg=Fundamentals data is not allowed.
2026-02-26 09:36:49.869241: ReqId=2125, Code=10358, Msg=Fundamentals data is not allowed.
2026-02-26 09:37:00.490358: ReqId=2130, Code=10358, Msg=Fundamentals data is not allowed.
2026-02-26 09:37:10.705470: ReqId=2135, Code=10358, Msg=Fundamentals data is not allowed.
2026-02-26 09:46:24.689255: ReqId=2140, Code=10358, Msg=Fundamentals data is not allowed.
2026-02-26 09:46:35.302621: ReqId=2145, Code=10358, Msg=Fundamentals data is not allowed.
2026-02-26 09:46:45.601357: ReqId=2150, Code=10358, Msg=Fundamentals data is not allowed.
2026-02-26 09:46:55.809348: ReqId=2155, Code=10358, Msg=Fundamentals data is not allowed.
2026-02-26 09:47:06.115352: ReqId=2160, Code=10358, Msg=Fundamentals data is not allowed.
2026-02-26 09:56:19.470518: ReqId=2165, Code=10358, Msg=Fundamentals data is not allowed.
2026-02-26 09:56:30.078355: ReqId=2170, Code=10358, Msg=Fundamentals data is not allowed.
2026-02-26 09:56:42.770699: ReqId=2175, Code=10358, Msg=Fundamentals data is not allowed.
2026-02-26 09:56:53.086093: ReqId=2180, Code=10358, Msg=Fundamentals data is not allowed.
2026-02-26 10:07:06.452353: ReqId=2185, Code=10358, Msg=Fundamentals data is not allowed.
2026-02-26 10:16:26.834751: ReqId=2190, Code=10358, Msg=Fundamentals data is not allowed.
2026-02-26 10:26:45.157686: ReqId=2195, Code=10358, Msg=Fundamentals data is not allowed.
2026-02-26 10:26:55.768315: ReqId=2200, Code=10358, Msg=Fundamentals data is not allowed.
2026-02-26 10:27:05.976649: ReqId=2205, Code=10358, Msg=Fundamentals data is not allowed.
2026-02-26 10:36:24.029962: ReqId=2210, Code=10358, Msg=Fundamentals data is not allowed.
2026-02-26 10:36:34.543146: ReqId=2215, Code=10358, Msg=Fundamentals data is not allowed.
2026-02-26 10:57:01.664838: ReqId=2220, Code=10358, Msg=Fundamentals data is not allowed.
2026-02-26 11:16:28.758245: ReqId=2225, Code=10358, Msg=Fundamentals data is not allowed.
2026-02-26 11:36:49.472902: ReqId=2230, Code=10358, Msg=Fundamentals data is not allowed.
2026-02-26 11:42:03.000379: ReqId=-1, Code=2103, Msg=Market data farm connection is broken:cafarm
2026-02-26 11:42:03.988005: ReqId=-1, Code=2104, Msg=Market data farm connection is OK:cafarm
2026-02-26 11:57:08.072261: ReqId=2235, Code=10358, Msg=Fundamentals data is not allowed.
2026-02-26 12:16:32.617075: ReqId=2240, Code=10358, Msg=Fundamentals data is not allowed.
2026-02-26 12:16:43.131107: ReqId=2245, Code=10358, Msg=Fundamentals data is not allowed.
2026-02-26 12:37:09.206146: ReqId=2250, Code=10358, Msg=Fundamentals data is not allowed.
2026-02-26 13:06:43.368440: ReqId=2255, Code=10358, Msg=Fundamentals data is not allowed.
2026-02-26 13:37:16.632886: ReqId=2260, Code=10358, Msg=Fundamentals data is not allowed.
2026-03-13 12:30:45.848568: ReqId=-1, Code=2104, Msg=Market data farm connection is OK:usfarm.nj
2026-03-13 12:30:45.848568: ReqId=-1, Code=2104, Msg=Market data farm connection is OK:usopt.nj
2026-03-13 12:30:45.848568: ReqId=-1, Code=2104, Msg=Market data farm connection is OK:cashfarm
2026-03-13 12:30:45.850567: ReqId=-1, Code=2104, Msg=Market data farm connection is OK:usfarm
2026-03-13 12:30:45.850567: ReqId=-1, Code=2106, Msg=HMDS data farm connection is OK:euhmds
2026-03-13 12:30:45.850567: ReqId=-1, Code=2106, Msg=HMDS data farm connection is OK:fundfarm
2026-03-13 12:30:45.850567: ReqId=-1, Code=2106, Msg=HMDS data farm connection is OK:ushmds
2026-03-13 12:30:45.851567: ReqId=-1, Code=2158, Msg=Sec-def data farm connection is OK:secdefnj
2026-03-13 12:30:48.761585: ReqId=2000, Code=10358, Msg=Fundamentals data is not allowed.
2026-03-13 12:30:58.768661: ReqId=2002, Code=10358, Msg=Fundamentals data is not allowed.
2026-03-13 12:31:08.897028: ReqId=2004, Code=10358, Msg=Fundamentals data is not allowed.
2026-03-13 12:31:18.988823: ReqId=2006, Code=10358, Msg=Fundamentals data is not allowed.
2026-03-13 12:31:29.094638: ReqId=2008, Code=10358, Msg=Fundamentals data is not allowed.
2026-03-13 12:31:39.203551: ReqId=2010, Code=10358, Msg=Fundamentals data is not allowed.
2026-03-13 12:31:49.419796: ReqId=2012, Code=10358, Msg=Fundamentals data is not allowed.
2026-03-13 12:31:59.523960: ReqId=2014, Code=10358, Msg=Fundamentals data is not allowed.
2026-03-13 12:32:09.639176: ReqId=2016, Code=10358, Msg=Fundamentals data is not allowed.
2026-03-13 12:32:19.752829: ReqId=2018, Code=10358, Msg=Fundamentals data is not allowed.
2026-03-13 12:32:29.960647: ReqId=2020, Code=10358, Msg=Fundamentals data is not allowed.
2026-03-13 12:32:40.073910: ReqId=2022, Code=10358, Msg=Fundamentals data is not allowed.
2026-03-13 12:32:50.189990: ReqId=2024, Code=10358, Msg=Fundamentals data is not allowed.
2026-03-13 12:33:00.290987: ReqId=2026, Code=10358, Msg=Fundamentals data is not allowed.
2026-03-13 12:33:10.407635: ReqId=2028, Code=10358, Msg=Fundamentals data is not allowed.
2026-03-13 12:33:20.508835: ReqId=2030, Code=10358, Msg=Fundamentals data is not allowed.
2026-03-13 12:33:30.622281: ReqId=2032, Code=10358, Msg=Fundamentals data is not allowed.
2026-03-13 12:33:40.737937: ReqId=2034, Code=10358, Msg=Fundamentals data is not allowed.
2026-03-13 12:33:50.944018: ReqId=2036, Code=10358, Msg=Fundamentals data is not allowed.
2026-03-13 12:34:01.051979: ReqId=2038, Code=10358, Msg=Fundamentals data is not allowed.
2026-03-13 12:40:01.364253: ReqId=2100, Code=10358, Msg=Fundamentals data is not allowed.
2026-03-13 12:40:11.771260: ReqId=2105, Code=10358, Msg=Fundamentals data is not allowed.
2026-03-13 12:40:21.985007: ReqId=2110, Code=10358, Msg=Fundamentals data is not allowed.
2026-03-13 12:50:01.339139: ReqId=2115, Code=10358, Msg=Fundamentals data is not allowed.
2026-03-13 13:00:01.608877: ReqId=2120, Code=10358, Msg=Fundamentals data is not allowed.
2026-03-13 14:00:01.074708: ReqId=2125, Code=10358, Msg=Fundamentals data is not allowed.
2026-03-13 14:30:02.114559: ReqId=2130, Code=10358, Msg=Fundamentals data is not allowed.
2026-03-13 14:30:12.620382: ReqId=2135, Code=10358, Msg=Fundamentals data is not allowed.
2026-03-13 14:40:01.284110: ReqId=2140, Code=10358, Msg=Fundamentals data is not allowed.
2026-03-13 15:00:00.874392: ReqId=2145, Code=10358, Msg=Fundamentals data is not allowed.
2026-03-13 15:10:02.072682: ReqId=2150, Code=10358, Msg=Fundamentals data is not allowed.
2026-03-13 15:10:12.486024: ReqId=2155, Code=10358, Msg=Fundamentals data is not allowed.
2026-03-13 15:10:22.698176: ReqId=2160, Code=10358, Msg=Fundamentals data is not allowed.
2026-03-13 15:20:01.222460: ReqId=2165, Code=10358, Msg=Fundamentals data is not allowed.
2026-03-13 15:20:11.624460: ReqId=2170, Code=10358, Msg=Fundamentals data is not allowed.
2026-03-13 15:20:21.941302: ReqId=2175, Code=10358, Msg=Fundamentals data is not allowed.
2026-03-13 15:30:01.593388: ReqId=2180, Code=10358, Msg=Fundamentals data is not allowed.
2026-03-13 15:50:01.000784: ReqId=2185, Code=10358, Msg=Fundamentals data is not allowed.
2026-03-13 15:50:11.406125: ReqId=2190, Code=10358, Msg=Fundamentals data is not allowed.
2026-03-13 16:00:01.945828: ReqId=2195, Code=10358, Msg=Fundamentals data is not allowed.
2026-03-13 16:00:12.963605: ReqId=2200, Code=10358, Msg=Fundamentals data is not allowed.
2026-03-13 17:09:05.281221: ReqId=-1, Code=2103, Msg=Market data farm connection is broken:cashfarm
2026-03-13 17:09:05.870448: ReqId=-1, Code=2104, Msg=Market data farm connection is OK:cashfarm
2026-03-16 11:39:19.246860: ReqId=-1, Code=2104, Msg=Market data farm connection is OK:hfarm
2026-03-16 11:39:19.247858: ReqId=-1, Code=2104, Msg=Market data farm connection is OK:usfarm.nj
2026-03-16 11:39:19.247858: ReqId=-1, Code=2104, Msg=Market data farm connection is OK:usopt.nj
2026-03-16 11:39:19.248857: ReqId=-1, Code=2104, Msg=Market data farm connection is OK:cashfarm
2026-03-16 11:39:19.248857: ReqId=-1, Code=2104, Msg=Market data farm connection is OK:usfarm
2026-03-16 11:39:19.248857: ReqId=-1, Code=2106, Msg=HMDS data farm connection is OK:euhmds
2026-03-16 11:39:19.248857: ReqId=-1, Code=2106, Msg=HMDS data farm connection is OK:fundfarm
2026-03-16 11:39:19.248857: ReqId=-1, Code=2106, Msg=HMDS data farm connection is OK:ushmds
2026-03-16 11:39:19.249857: ReqId=-1, Code=2158, Msg=Sec-def data farm connection is OK:secdefnj
2026-03-16 11:39:22.232587: ReqId=2000, Code=10358, Msg=Fundamentals data is not allowed.
2026-03-16 11:39:29.454206: ReqId=-1, Code=326, Msg=Unable to connect as the client id is already in use. Retry with a unique client id.
2026-03-16 11:39:32.437924: ReqId=2002, Code=10358, Msg=Fundamentals data is not allowed.
2026-03-16 11:39:42.648262: ReqId=2004, Code=10358, Msg=Fundamentals data is not allowed.
2026-03-16 11:39:52.856304: ReqId=2006, Code=10358, Msg=Fundamentals data is not allowed.
2026-03-16 11:40:03.068868: ReqId=2008, Code=10358, Msg=Fundamentals data is not allowed.
2026-03-16 11:40:13.284623: ReqId=2010, Code=10358, Msg=Fundamentals data is not allowed.
2026-03-16 11:40:23.511180: ReqId=2012, Code=10358, Msg=Fundamentals data is not allowed.
2026-03-16 11:40:33.720646: ReqId=2014, Code=10358, Msg=Fundamentals data is not allowed.
2026-03-16 11:40:43.938181: ReqId=2016, Code=10358, Msg=Fundamentals data is not allowed.
2026-03-16 11:40:54.160410: ReqId=2018, Code=10358, Msg=Fundamentals data is not allowed.
2026-03-16 11:41:04.381248: ReqId=2020, Code=10358, Msg=Fundamentals data is not allowed.
2026-03-16 11:41:14.598155: ReqId=2022, Code=10358, Msg=Fundamentals data is not allowed.
2026-03-16 11:41:24.812709: ReqId=2024, Code=10358, Msg=Fundamentals data is not allowed.
2026-03-16 11:41:35.026251: ReqId=2026, Code=10358, Msg=Fundamentals data is not allowed.
2026-03-16 11:41:45.241023: ReqId=2028, Code=10358, Msg=Fundamentals data is not allowed.
2026-03-16 11:41:55.454081: ReqId=2030, Code=10358, Msg=Fundamentals data is not allowed.
2026-03-16 11:42:05.664011: ReqId=2032, Code=10358, Msg=Fundamentals data is not allowed.
2026-03-16 11:42:15.881496: ReqId=2034, Code=10358, Msg=Fundamentals data is not allowed.
2026-03-16 11:42:26.093989: ReqId=2036, Code=10358, Msg=Fundamentals data is not allowed.
2026-03-16 11:42:36.301635: ReqId=2038, Code=10358, Msg=Fundamentals data is not allowed.
2026-03-16 11:47:42.832149: ReqId=-1, Code=326, Msg=Unable to connect as the client id is already in use. Retry with a unique client id.
2026-03-16 11:48:07.914552: ReqId=-1, Code=2104, Msg=Market data farm connection is OK:hfarm
2026-03-16 11:48:07.915552: ReqId=-1, Code=2104, Msg=Market data farm connection is OK:usfarm.nj
2026-03-16 11:48:07.915552: ReqId=-1, Code=2104, Msg=Market data farm connection is OK:usopt.nj
2026-03-16 11:48:07.915552: ReqId=-1, Code=2104, Msg=Market data farm connection is OK:cashfarm
2026-03-16 11:48:07.916556: ReqId=-1, Code=2104, Msg=Market data farm connection is OK:usfarm
2026-03-16 11:48:07.916556: ReqId=-1, Code=2106, Msg=HMDS data farm connection is OK:euhmds
2026-03-16 11:48:07.916556: ReqId=-1, Code=2106, Msg=HMDS data farm connection is OK:fundfarm
2026-03-16 11:48:07.916556: ReqId=-1, Code=2106, Msg=HMDS data farm connection is OK:ushmds
2026-03-16 11:48:07.916556: ReqId=-1, Code=2158, Msg=Sec-def data farm connection is OK:secdefnj
2026-03-16 11:48:11.528458: ReqId=2000, Code=10358, Msg=Fundamentals data is not allowed.
2026-03-16 11:48:21.531883: ReqId=2002, Code=10358, Msg=Fundamentals data is not allowed.
2026-03-16 11:48:31.734426: ReqId=2004, Code=10358, Msg=Fundamentals data is not allowed.
2026-03-16 11:48:41.939948: ReqId=2006, Code=10358, Msg=Fundamentals data is not allowed.
2026-03-16 11:48:52.051880: ReqId=2008, Code=10358, Msg=Fundamentals data is not allowed.
2026-03-16 11:49:02.251374: ReqId=2010, Code=10358, Msg=Fundamentals data is not allowed.
2026-03-16 11:49:12.353066: ReqId=2012, Code=10358, Msg=Fundamentals data is not allowed.
2026-03-16 11:49:22.466978: ReqId=2014, Code=10358, Msg=Fundamentals data is not allowed.
2026-03-16 11:49:32.586547: ReqId=2016, Code=10358, Msg=Fundamentals data is not allowed.
2026-03-16 11:49:42.692500: ReqId=2018, Code=10358, Msg=Fundamentals data is not allowed.
2026-03-16 11:49:52.802296: ReqId=2020, Code=10358, Msg=Fundamentals data is not allowed.
2026-03-16 11:50:02.389465: ReqId=2100, Code=10358, Msg=Fundamentals data is not allowed.
2026-03-16 11:50:02.915007: ReqId=2022, Code=10358, Msg=Fundamentals data is not allowed.
2026-03-16 11:50:12.696716: ReqId=2105, Code=10358, Msg=Fundamentals data is not allowed.
2026-03-16 11:50:13.018616: ReqId=2024, Code=10358, Msg=Fundamentals data is not allowed.
2026-03-16 11:50:23.128139: ReqId=2026, Code=10358, Msg=Fundamentals data is not allowed.
2026-03-16 11:50:33.236344: ReqId=2028, Code=10358, Msg=Fundamentals data is not allowed.
2026-03-16 11:50:43.445871: ReqId=2030, Code=10358, Msg=Fundamentals data is not allowed.
2026-03-16 11:50:53.553812: ReqId=2032, Code=10358, Msg=Fundamentals data is not allowed.
2026-03-16 11:51:03.659019: ReqId=2034, Code=10358, Msg=Fundamentals data is not allowed.
2026-03-16 11:51:13.764199: ReqId=2036, Code=10358, Msg=Fundamentals data is not allowed.
2026-03-16 11:51:23.874745: ReqId=2038, Code=10358, Msg=Fundamentals data is not allowed.
2026-03-16 12:00:01.831683: ReqId=2100, Code=10358, Msg=Fundamentals data is not allowed.
2026-03-16 12:00:11.035890: ReqId=2110, Code=10358, Msg=Fundamentals data is not allowed.
2026-03-16 12:00:12.337307: ReqId=2105, Code=10358, Msg=Fundamentals data is not allowed.
2026-03-16 12:00:21.644353: ReqId=2115, Code=10358, Msg=Fundamentals data is not allowed.
2026-03-16 12:00:22.652626: ReqId=2110, Code=10358, Msg=Fundamentals data is not allowed.
2026-03-16 12:00:32.152015: ReqId=2120, Code=10358, Msg=Fundamentals data is not allowed.
2026-03-16 12:00:42.365118: ReqId=2125, Code=10358, Msg=Fundamentals data is not allowed.
2026-03-16 12:00:52.674878: ReqId=2130, Code=10358, Msg=Fundamentals data is not allowed.
2026-03-16 12:01:03.086023: ReqId=2135, Code=10358, Msg=Fundamentals data is not allowed.
2026-03-16 12:01:13.299583: ReqId=2140, Code=10358, Msg=Fundamentals data is not allowed.
2026-03-16 12:01:23.802446: ReqId=2145, Code=10358, Msg=Fundamentals data is not allowed.
2026-03-16 12:01:34.007296: ReqId=2150, Code=10358, Msg=Fundamentals data is not allowed.
2026-03-16 12:01:44.416229: ReqId=2155, Code=10358, Msg=Fundamentals data is not allowed.
2026-03-16 12:01:54.828695: ReqId=2160, Code=10358, Msg=Fundamentals data is not allowed.
2026-03-16 12:02:05.135223: ReqId=2165, Code=10358, Msg=Fundamentals data is not allowed.
2026-03-16 12:02:15.340940: ReqId=2170, Code=10358, Msg=Fundamentals data is not allowed.
2026-03-16 12:02:25.647505: ReqId=2175, Code=10358, Msg=Fundamentals data is not allowed.
2026-03-16 12:02:35.958672: ReqId=2180, Code=10358, Msg=Fundamentals data is not allowed.
2026-03-16 12:02:46.472211: ReqId=2185, Code=10358, Msg=Fundamentals data is not allowed.
2026-03-16 12:20:01.213913: ReqId=2115, Code=10358, Msg=Fundamentals data is not allowed.
2026-03-16 12:20:11.723668: ReqId=2120, Code=10358, Msg=Fundamentals data is not allowed.
2026-03-16 12:30:01.398340: ReqId=2125, Code=10358, Msg=Fundamentals data is not allowed.
2026-03-16 12:30:15.889122: ReqId=2130, Code=10358, Msg=Fundamentals data is not allowed.
2026-03-16 12:40:01.700868: ReqId=2135, Code=10358, Msg=Fundamentals data is not allowed.
2026-03-16 12:40:12.321616: ReqId=2140, Code=10358, Msg=Fundamentals data is not allowed.
2026-03-16 13:00:01.187239: ReqId=2145, Code=10358, Msg=Fundamentals data is not allowed.
2026-03-16 13:16:04.115847: ReqId=-1, Code=2104, Msg=Market data farm connection is OK:hfarm
2026-03-16 13:16:04.116849: ReqId=-1, Code=2104, Msg=Market data farm connection is OK:usfarm.nj
2026-03-16 13:16:04.116849: ReqId=-1, Code=2104, Msg=Market data farm connection is OK:usopt.nj
2026-03-16 13:16:04.117848: ReqId=-1, Code=2104, Msg=Market data farm connection is OK:cashfarm
2026-03-16 13:16:04.117848: ReqId=-1, Code=2104, Msg=Market data farm connection is OK:usfarm
2026-03-16 13:16:04.118850: ReqId=-1, Code=2106, Msg=HMDS data farm connection is OK:euhmds
2026-03-16 13:16:04.118850: ReqId=-1, Code=2106, Msg=HMDS data farm connection is OK:fundfarm
2026-03-16 13:16:04.118850: ReqId=-1, Code=2106, Msg=HMDS data farm connection is OK:ushmds
2026-03-16 13:16:04.118850: ReqId=-1, Code=2158, Msg=Sec-def data farm connection is OK:secdefnj
2026-03-16 13:16:04.171213: ReqId=2000, Code=10358, Msg=Fundamentals data is not allowed.
2026-03-16 13:16:14.279782: ReqId=2002, Code=10358, Msg=Fundamentals data is not allowed.
2026-03-16 13:16:24.383303: ReqId=2004, Code=10358, Msg=Fundamentals data is not allowed.
2026-03-16 13:16:34.487587: ReqId=2006, Code=10358, Msg=Fundamentals data is not allowed.
2026-03-16 13:16:44.592196: ReqId=2008, Code=10358, Msg=Fundamentals data is not allowed.
2026-03-16 13:16:54.703752: ReqId=2010, Code=10358, Msg=Fundamentals data is not allowed.
2026-03-16 13:17:04.805392: ReqId=2012, Code=10358, Msg=Fundamentals data is not allowed.
2026-03-16 13:17:14.908793: ReqId=2014, Code=10358, Msg=Fundamentals data is not allowed.
2026-03-16 13:17:25.012439: ReqId=2016, Code=10358, Msg=Fundamentals data is not allowed.
2026-03-16 13:17:35.127176: ReqId=2018, Code=10358, Msg=Fundamentals data is not allowed.
2026-03-16 13:17:45.235803: ReqId=2020, Code=10358, Msg=Fundamentals data is not allowed.
2026-03-16 13:17:55.345668: ReqId=2022, Code=10358, Msg=Fundamentals data is not allowed.
2026-03-16 13:18:05.449416: ReqId=2024, Code=10358, Msg=Fundamentals data is not allowed.
2026-03-16 13:18:15.563893: ReqId=2026, Code=10358, Msg=Fundamentals data is not allowed.
2026-03-16 13:18:25.666137: ReqId=2028, Code=10358, Msg=Fundamentals data is not allowed.
2026-03-16 13:18:35.876406: ReqId=2030, Code=10358, Msg=Fundamentals data is not allowed.
2026-03-16 13:18:45.983706: ReqId=2032, Code=10358, Msg=Fundamentals data is not allowed.
2026-03-16 13:18:56.100104: ReqId=2034, Code=10358, Msg=Fundamentals data is not allowed.
2026-03-16 13:19:06.328994: ReqId=2036, Code=10358, Msg=Fundamentals data is not allowed.
2026-03-16 13:19:07.086280: ReqId=-1, Code=326, Msg=Unable to connect as the client id is already in use. Retry with a unique client id.
2026-03-16 13:19:16.524710: ReqId=2038, Code=10358, Msg=Fundamentals data is not allowed.
2026-03-16 13:29:30.628333: ReqId=2086, Code=10358, Msg=Fundamentals data is not allowed.
2026-03-16 13:29:39.794907: ReqId=2087, Code=10358, Msg=Fundamentals data is not allowed.
2026-03-16 13:29:49.810760: ReqId=2088, Code=10358, Msg=Fundamentals data is not allowed.
2026-03-16 13:30:10.034770: ReqId=589, Code=2109, Msg=Order Event Warning:Attribute 'Outside Regular Trading Hours' is ignored based on the order type and destination. PlaceOrder is now being processed.
2026-03-16 13:30:10.044769: ReqId=590, Code=10349, Msg=Order TIF was set to GTC based on order preset.
2026-03-16 13:30:10.090471: ReqId=591, Code=10349, Msg=Order TIF was set to GTC based on order preset.
2026-03-16 13:30:10.096960: ReqId=591, Code=2109, Msg=Order Event Warning:Attribute 'Outside Regular Trading Hours' is ignored based on the order type and destination. PlaceOrder is now being processed.
2026-03-16 13:30:10.775838: ReqId=589, Code=201, Msg=Order rejected - reason:No Trading Permission, Customer Ineligible; Ineligibility reasons:  No Opening Trades: Small Cap, Subject to Compliance Restriction
2026-03-16 13:30:11.287780: ReqId=590, Code=201, Msg=Order rejected - reason:No Trading Permission, Customer Ineligible; Ineligibility reasons:  No Opening Trades: Small Cap, Subject to Compliance Restriction
2026-03-16 13:30:11.297780: ReqId=591, Code=201, Msg=Order rejected - reason:No Trading Permission, Customer Ineligible; Ineligibility reasons:  No Opening Trades: Small Cap, Subject to Compliance Restriction
2026-03-16 13:39:30.998842: ReqId=2095, Code=10358, Msg=Fundamentals data is not allowed.
2026-03-16 13:39:40.255026: ReqId=2096, Code=10358, Msg=Fundamentals data is not allowed.
2026-03-16 13:39:50.262578: ReqId=2097, Code=10358, Msg=Fundamentals data is not allowed.
2026-03-16 13:49:32.169700: ReqId=2104, Code=10358, Msg=Fundamentals data is not allowed.
2026-03-16 13:49:41.104777: ReqId=2105, Code=10358, Msg=Fundamentals data is not allowed.
2026-03-16 13:49:51.114866: ReqId=2106, Code=10358, Msg=Fundamentals data is not allowed.
2026-03-16 13:54:32.523049: ReqId=592, Code=2109, Msg=Order Event Warning:Attribute 'Outside Regular Trading Hours' is ignored based on the order type and destination. PlaceOrder is now being processed.
2026-03-16 13:54:32.569296: ReqId=593, Code=10349, Msg=Order TIF was set to GTC based on order preset.
2026-03-16 13:54:32.661825: ReqId=594, Code=10349, Msg=Order TIF was set to GTC based on order preset.
2026-03-16 13:54:32.663825: ReqId=594, Code=2109, Msg=Order Event Warning:Attribute 'Outside Regular Trading Hours' is ignored based on the order type and destination. PlaceOrder is now being processed.
2026-03-16 13:59:32.852353: ReqId=2113, Code=10358, Msg=Fundamentals data is not allowed.
2026-03-16 13:59:41.788980: ReqId=2114, Code=10358, Msg=Fundamentals data is not allowed.
2026-03-16 13:59:51.791707: ReqId=2115, Code=10358, Msg=Fundamentals data is not allowed.
2026-03-16 14:04:16.439117: ReqId=-1, Code=326, Msg=Unable to connect as the client id is already in use. Retry with a unique client id.
2026-03-16 14:04:38.497096: ReqId=-1, Code=2104, Msg=Market data farm connection is OK:hfarm
2026-03-16 14:04:38.498091: ReqId=-1, Code=2104, Msg=Market data farm connection is OK:usfarm.nj
2026-03-16 14:04:38.499092: ReqId=-1, Code=2104, Msg=Market data farm connection is OK:usopt.nj
2026-03-16 14:04:38.499092: ReqId=-1, Code=2104, Msg=Market data farm connection is OK:cashfarm
2026-03-16 14:04:38.499092: ReqId=-1, Code=2104, Msg=Market data farm connection is OK:usfarm
2026-03-16 14:04:38.499092: ReqId=-1, Code=2106, Msg=HMDS data farm connection is OK:euhmds
2026-03-16 14:04:38.499092: ReqId=-1, Code=2106, Msg=HMDS data farm connection is OK:fundfarm
2026-03-16 14:04:38.500093: ReqId=-1, Code=2106, Msg=HMDS data farm connection is OK:ushmds
2026-03-16 14:04:38.500093: ReqId=-1, Code=2158, Msg=Sec-def data farm connection is OK:secdefnj
2026-03-16 14:04:38.538996: ReqId=2000, Code=10358, Msg=Fundamentals data is not allowed.
2026-03-16 14:04:48.650627: ReqId=2002, Code=10358, Msg=Fundamentals data is not allowed.
2026-03-16 14:04:58.752977: ReqId=2004, Code=10358, Msg=Fundamentals data is not allowed.
2026-03-16 14:05:08.855247: ReqId=2006, Code=10358, Msg=Fundamentals data is not allowed.
2026-03-16 14:05:18.960430: ReqId=2008, Code=10358, Msg=Fundamentals data is not allowed.
2026-03-16 14:05:29.076550: ReqId=2010, Code=10358, Msg=Fundamentals data is not allowed.
2026-03-16 14:05:39.185891: ReqId=2012, Code=10358, Msg=Fundamentals data is not allowed.
2026-03-16 14:05:49.297178: ReqId=2014, Code=10358, Msg=Fundamentals data is not allowed.
2026-03-16 14:05:59.408332: ReqId=2016, Code=10358, Msg=Fundamentals data is not allowed.
2026-03-16 14:06:09.520704: ReqId=2018, Code=10358, Msg=Fundamentals data is not allowed.
2026-03-16 14:06:19.632444: ReqId=2020, Code=10358, Msg=Fundamentals data is not allowed.
2026-03-16 14:06:29.746431: ReqId=2022, Code=10358, Msg=Fundamentals data is not allowed.
2026-03-16 14:06:39.849621: ReqId=2024, Code=10358, Msg=Fundamentals data is not allowed.
2026-03-16 14:06:50.066098: ReqId=2026, Code=10358, Msg=Fundamentals data is not allowed.
2026-03-16 14:07:00.173304: ReqId=2028, Code=10358, Msg=Fundamentals data is not allowed.
2026-03-16 14:07:10.282099: ReqId=2030, Code=10358, Msg=Fundamentals data is not allowed.
2026-03-16 14:07:20.391716: ReqId=2032, Code=10358, Msg=Fundamentals data is not allowed.
2026-03-16 14:07:30.528011: ReqId=2034, Code=10358, Msg=Fundamentals data is not allowed.
2026-03-16 14:07:40.632753: ReqId=2036, Code=10358, Msg=Fundamentals data is not allowed.
2026-03-16 14:07:50.743452: ReqId=2038, Code=10358, Msg=Fundamentals data is not allowed.
2026-03-16 14:18:03.996328: ReqId=2084, Code=10358, Msg=Fundamentals data is not allowed.
2026-03-16 14:18:13.219206: ReqId=2085, Code=10358, Msg=Fundamentals data is not allowed.
2026-03-16 14:18:59.609042: ReqId=-1, Code=326, Msg=Unable to connect as the client id is already in use. Retry with a unique client id.
2026-03-16 14:26:24.218666: ReqId=-1, Code=2103, Msg=Market data farm connection is broken:hfarm
2026-03-16 14:26:25.676953: ReqId=-1, Code=2104, Msg=Market data farm connection is OK:hfarm
2026-03-16 14:28:04.356656: ReqId=2088, Code=10358, Msg=Fundamentals data is not allowed.
2026-03-16 14:48:06.283096: ReqId=2093, Code=10358, Msg=Fundamentals data is not allowed.
2026-03-16 14:48:15.709098: ReqId=2094, Code=10358, Msg=Fundamentals data is not allowed.
2026-03-16 14:58:06.705239: ReqId=2101, Code=10358, Msg=Fundamentals data is not allowed.
2026-03-16 14:58:15.832255: ReqId=2102, Code=10358, Msg=Fundamentals data is not allowed.
2026-03-16 14:58:25.832501: ReqId=2103, Code=10358, Msg=Fundamentals data is not allowed.
2026-03-16 15:08:07.392341: ReqId=2108, Code=10358, Msg=Fundamentals data is not allowed.
2026-03-16 15:08:16.930187: ReqId=2109, Code=10358, Msg=Fundamentals data is not allowed.
2026-03-16 15:18:08.643354: ReqId=2116, Code=10358, Msg=Fundamentals data is not allowed.
2026-03-16 15:18:17.805266: ReqId=2117, Code=10358, Msg=Fundamentals data is not allowed.
2026-03-16 15:18:27.822489: ReqId=2118, Code=10358, Msg=Fundamentals data is not allowed.
2026-03-16 15:28:08.316220: ReqId=2123, Code=10358, Msg=Fundamentals data is not allowed.
2026-03-16 15:28:17.836043: ReqId=2124, Code=10358, Msg=Fundamentals data is not allowed.
2026-03-16 15:38:09.675207: ReqId=2131, Code=10358, Msg=Fundamentals data is not allowed.
2026-03-16 15:38:18.896565: ReqId=2132, Code=10358, Msg=Fundamentals data is not allowed.
2026-03-16 15:38:28.901452: ReqId=2133, Code=10358, Msg=Fundamentals data is not allowed.
2026-03-16 15:48:09.438120: ReqId=2136, Code=10358, Msg=Fundamentals data is not allowed.
2026-03-16 15:58:10.595124: ReqId=2147, Code=10358, Msg=Fundamentals data is not allowed.
2026-03-16 15:58:19.528255: ReqId=2148, Code=10358, Msg=Fundamentals data is not allowed.
2026-03-16 15:58:29.539782: ReqId=2149, Code=10358, Msg=Fundamentals data is not allowed.
2026-03-16 15:58:39.554468: ReqId=2150, Code=10358, Msg=Fundamentals data is not allowed.
2026-03-16 15:58:49.559517: ReqId=2151, Code=10358, Msg=Fundamentals data is not allowed.
2026-03-16 15:58:53.711320: ReqId=1, Code=2109, Msg=Order Event Warning:Attribute 'Outside Regular Trading Hours' is ignored based on the order type and destination. PlaceOrder is now being processed.
2026-03-16 15:58:53.799581: ReqId=2, Code=10349, Msg=Order TIF was set to GTC based on order preset.
2026-03-16 15:58:53.900453: ReqId=3, Code=10349, Msg=Order TIF was set to GTC based on order preset.
2026-03-16 15:58:53.901455: ReqId=3, Code=2109, Msg=Order Event Warning:Attribute 'Outside Regular Trading Hours' is ignored based on the order type and destination. PlaceOrder is now being processed.
2026-03-16 15:59:00.644689: ReqId=3, Code=202, Msg=Order Canceled - reason:
2026-03-16 15:59:00.665200: ReqId=2, Code=202, Msg=Order Canceled - reason:
2026-03-16 15:59:00.694847: ReqId=3, Code=10148, Msg=OrderId 3 that needs to be cancelled cannot be cancelled, state: Cancelled.
2026-03-16 15:59:00.830808: ReqId=4, Code=10349, Msg=Order TIF was set to GTC based on order preset.
2026-03-16 15:59:00.831809: ReqId=4, Code=2109, Msg=Order Event Warning:Attribute 'Outside Regular Trading Hours' is ignored based on the order type and destination. PlaceOrder is now being processed.
2026-03-16 16:00:39.272980: ReqId=-1, Code=2104, Msg=Market data farm connection is OK:cafarm
2026-03-16 16:00:39.776221: ReqId=-1, Code=2104, Msg=Market data farm connection is OK:eufarm
2026-03-16 16:03:25.855814: ReqId=-1, Code=2108, Msg=Market data farm connection is inactive but should be available upon demand.hfarm
2026-03-16 16:03:25.857815: ReqId=-1, Code=2108, Msg=Market data farm connection is inactive but should be available upon demand.hfarm
2026-03-16 16:08:10.262713: ReqId=2156, Code=10358, Msg=Fundamentals data is not allowed.
2026-03-16 16:08:10.364967: ReqId=2155, Code=162, Msg=Historical Market Data Service error message:HMDS query returned no data: HSPTU@SMART Trades
2026-03-16 16:08:19.491066: ReqId=2157, Code=10358, Msg=Fundamentals data is not allowed.
2026-03-16 17:04:04.372003: ReqId=-1, Code=2103, Msg=Market data farm connection is broken:cashfarm
2026-03-16 17:04:04.823938: ReqId=-1, Code=2103, Msg=Market data farm connection is broken:cashfarm
2026-03-16 17:04:09.740153: ReqId=-1, Code=2103, Msg=Market data farm connection is broken:cashfarm
2026-03-16 17:04:18.866878: ReqId=-1, Code=2103, Msg=Market data farm connection is broken:cashfarm
2026-03-16 17:04:39.836617: ReqId=-1, Code=2103, Msg=Market data farm connection is broken:cashfarm
2026-03-16 17:05:28.603784: ReqId=-1, Code=2103, Msg=Market data farm connection is broken:cashfarm
2026-03-16 17:06:28.898614: ReqId=-1, Code=2104, Msg=Market data farm connection is OK:cashfarm
2026-03-16 17:09:04.758673: ReqId=-1, Code=2103, Msg=Market data farm connection is broken:cashfarm
2026-03-16 17:09:05.670897: ReqId=-1, Code=2104, Msg=Market data farm connection is OK:cashfarm
2026-03-17 12:58:35.275746: ReqId=-1, Code=2104, Msg=Market data farm connection is OK:cafarm
2026-03-17 12:58:35.278745: ReqId=-1, Code=2104, Msg=Market data farm connection is OK:hfarm
2026-03-17 12:58:35.278745: ReqId=-1, Code=2104, Msg=Market data farm connection is OK:eufarmnj
2026-03-17 12:58:35.279746: ReqId=-1, Code=2104, Msg=Market data farm connection is OK:cashfarm
2026-03-17 12:58:35.279746: ReqId=-1, Code=2104, Msg=Market data farm connection is OK:usfuture
2026-03-17 12:58:35.279746: ReqId=-1, Code=2104, Msg=Market data farm connection is OK:usopt.nj
2026-03-17 12:58:35.280747: ReqId=-1, Code=2104, Msg=Market data farm connection is OK:jfarm
2026-03-17 12:58:35.280747: ReqId=-1, Code=2104, Msg=Market data farm connection is OK:usfarm.nj
2026-03-17 12:58:35.280747: ReqId=-1, Code=2104, Msg=Market data farm connection is OK:eufarm
2026-03-17 12:58:35.280747: ReqId=-1, Code=2104, Msg=Market data farm connection is OK:usfarm
2026-03-17 12:58:35.281746: ReqId=-1, Code=2106, Msg=HMDS data farm connection is OK:euhmds
2026-03-17 12:58:35.281746: ReqId=-1, Code=2106, Msg=HMDS data farm connection is OK:fundfarm
2026-03-17 12:58:35.281746: ReqId=-1, Code=2106, Msg=HMDS data farm connection is OK:ushmds
2026-03-17 12:58:35.281746: ReqId=-1, Code=2158, Msg=Sec-def data farm connection is OK:secdefnj
2026-03-17 12:58:37.995122: ReqId=2000, Code=10358, Msg=Fundamentals data is not allowed.
2026-03-17 12:58:48.103682: ReqId=2002, Code=10358, Msg=Fundamentals data is not allowed.
2026-03-17 12:58:58.307903: ReqId=2004, Code=10358, Msg=Fundamentals data is not allowed.
2026-03-17 12:59:08.620150: ReqId=2006, Code=10358, Msg=Fundamentals data is not allowed.
2026-03-17 12:59:18.836614: ReqId=2008, Code=10358, Msg=Fundamentals data is not allowed.
2026-03-17 12:59:29.040897: ReqId=2010, Code=10358, Msg=Fundamentals data is not allowed.
2026-03-17 12:59:39.248029: ReqId=2012, Code=10358, Msg=Fundamentals data is not allowed.
2026-03-17 12:59:49.461450: ReqId=2014, Code=10358, Msg=Fundamentals data is not allowed.
2026-03-17 12:59:59.668316: ReqId=2016, Code=10358, Msg=Fundamentals data is not allowed.
2026-03-17 13:00:09.881969: ReqId=2018, Code=10358, Msg=Fundamentals data is not allowed.
2026-03-17 13:00:20.089988: ReqId=2020, Code=10358, Msg=Fundamentals data is not allowed.
2026-03-17 13:00:30.305580: ReqId=2022, Code=10358, Msg=Fundamentals data is not allowed.
2026-03-17 13:00:40.514668: ReqId=2024, Code=10358, Msg=Fundamentals data is not allowed.
2026-03-17 13:00:50.732884: ReqId=2026, Code=10358, Msg=Fundamentals data is not allowed.
2026-03-17 13:01:00.943391: ReqId=2028, Code=10358, Msg=Fundamentals data is not allowed.
2026-03-17 13:01:11.159209: ReqId=2030, Code=10358, Msg=Fundamentals data is not allowed.
2026-03-17 13:01:21.376254: ReqId=2032, Code=10358, Msg=Fundamentals data is not allowed.
2026-03-17 13:01:31.588729: ReqId=2034, Code=10358, Msg=Fundamentals data is not allowed.
2026-03-17 13:01:41.793362: ReqId=2036, Code=10358, Msg=Fundamentals data is not allowed.
2026-03-17 13:01:47.285092: ReqId=-1, Code=2108, Msg=Market data farm connection is inactive but should be available upon demand.hfarm
2026-03-17 13:01:47.285092: ReqId=-1, Code=2108, Msg=Market data farm connection is inactive but should be available upon demand.hfarm
2026-03-17 13:01:47.290091: ReqId=-1, Code=2108, Msg=Market data farm connection is inactive but should be available upon demand.eufarmnj
2026-03-17 13:01:47.290091: ReqId=-1, Code=2108, Msg=Market data farm connection is inactive but should be available upon demand.eufarmnj
2026-03-17 13:01:47.293092: ReqId=-1, Code=2108, Msg=Market data farm connection is inactive but should be available upon demand.usfuture
2026-03-17 13:01:47.296094: ReqId=-1, Code=2108, Msg=Market data farm connection is inactive but should be available upon demand.usfuture
2026-03-17 13:01:47.296094: ReqId=-1, Code=2108, Msg=Market data farm connection is inactive but should be available upon demand.jfarm
2026-03-17 13:01:47.297094: ReqId=-1, Code=2108, Msg=Market data farm connection is inactive but should be available upon demand.jfarm
2026-03-17 13:01:52.012376: ReqId=2038, Code=10358, Msg=Fundamentals data is not allowed.
2026-03-17 13:10:00.727732: ReqId=2100, Code=10358, Msg=Fundamentals data is not allowed.
2026-03-17 13:10:11.227327: ReqId=2105, Code=10358, Msg=Fundamentals data is not allowed.
2026-03-17 13:20:01.302038: ReqId=2110, Code=10358, Msg=Fundamentals data is not allowed.
2026-03-17 13:20:11.911445: ReqId=2115, Code=10358, Msg=Fundamentals data is not allowed.
2026-03-17 13:30:00.633931: ReqId=2120, Code=10358, Msg=Fundamentals data is not allowed.
2026-03-17 13:40:01.134566: ReqId=2125, Code=10358, Msg=Fundamentals data is not allowed.
2026-03-17 13:40:11.739589: ReqId=2130, Code=10358, Msg=Fundamentals data is not allowed.
2026-03-17 13:40:21.857085: ReqId=2135, Code=10358, Msg=Fundamentals data is not allowed.
2026-03-17 14:00:01.958682: ReqId=2140, Code=10358, Msg=Fundamentals data is not allowed.
2026-03-17 14:10:01.441074: ReqId=2145, Code=10358, Msg=Fundamentals data is not allowed.
2026-03-17 14:20:00.876015: ReqId=2150, Code=10358, Msg=Fundamentals data is not allowed.
2026-03-17 14:20:11.491185: ReqId=2155, Code=10358, Msg=Fundamentals data is not allowed.
2026-03-17 14:50:01.396363: ReqId=2160, Code=10358, Msg=Fundamentals data is not allowed.
2026-03-17 15:00:01.228421: ReqId=2165, Code=10358, Msg=Fundamentals data is not allowed.
2026-03-17 15:00:11.950046: ReqId=2170, Code=10358, Msg=Fundamentals data is not allowed.
2026-03-17 15:10:01.148475: ReqId=2175, Code=10358, Msg=Fundamentals data is not allowed.
2026-03-17 15:40:01.049206: ReqId=2180, Code=10358, Msg=Fundamentals data is not allowed.
2026-03-17 15:50:01.848242: ReqId=2185, Code=10358, Msg=Fundamentals data is not allowed.
2026-03-17 16:00:04.280489: ReqId=2190, Code=10358, Msg=Fundamentals data is not allowed.
2026-03-17 17:09:04.580243: ReqId=-1, Code=2103, Msg=Market data farm connection is broken:cashfarm
2026-03-17 17:09:05.556964: ReqId=-1, Code=2104, Msg=Market data farm connection is OK:cashfarm
2026-03-17 20:00:14.672363: ReqId=-1, Code=504, Msg=Not connected
2026-03-17 20:00:24.683521: ReqId=2196, Code=504, Msg=Not connected
2026-03-17 20:00:54.961807: ReqId=2197, Code=504, Msg=Not connected
2026-03-17 20:01:25.263767: ReqId=-1, Code=504, Msg=Not connected
2026-03-17 20:01:25.264767: ReqId=2198, Code=504, Msg=Not connected
2026-03-17 20:01:25.265767: ReqId=2199, Code=504, Msg=Not connected
2026-03-17 20:01:25.265767: ReqId=-1, Code=504, Msg=Not connected
2026-03-17 20:01:35.267847: ReqId=2201, Code=504, Msg=Not connected
2026-03-17 20:02:05.531458: ReqId=2202, Code=504, Msg=Not connected
2026-03-17 20:02:35.806742: ReqId=-1, Code=504, Msg=Not connected
2026-03-17 20:02:35.807743: ReqId=2204, Code=504, Msg=Not connected
2026-03-17 20:02:35.808742: ReqId=2203, Code=504, Msg=Not connected
2026-03-17 20:02:35.809743: ReqId=-1, Code=504, Msg=Not connected
2026-03-17 20:02:45.821769: ReqId=2206, Code=504, Msg=Not connected
2026-03-17 20:03:16.097992: ReqId=2207, Code=504, Msg=Not connected
2026-03-17 20:03:46.374691: ReqId=-1, Code=504, Msg=Not connected
2026-03-17 20:03:46.375691: ReqId=2209, Code=504, Msg=Not connected
2026-03-17 20:03:46.375691: ReqId=2208, Code=504, Msg=Not connected
2026-03-17 20:03:46.376691: ReqId=-1, Code=504, Msg=Not connected
2026-03-17 20:03:56.390319: ReqId=2211, Code=504, Msg=Not connected
2026-03-17 20:04:26.657837: ReqId=2212, Code=504, Msg=Not connected
2026-03-17 20:04:56.942537: ReqId=-1, Code=504, Msg=Not connected
2026-03-17 20:04:56.944536: ReqId=2214, Code=504, Msg=Not connected
2026-03-17 20:04:56.945536: ReqId=2213, Code=504, Msg=Not connected
2026-03-17 20:04:56.946536: ReqId=-1, Code=504, Msg=Not connected
2026-03-17 20:05:06.962984: ReqId=2216, Code=504, Msg=Not connected
2026-03-17 20:05:37.242266: ReqId=2217, Code=504, Msg=Not connected
2026-03-17 20:06:07.516183: ReqId=-1, Code=504, Msg=Not connected
2026-03-17 20:06:07.517184: ReqId=2219, Code=504, Msg=Not connected
2026-03-17 20:06:07.517184: ReqId=2218, Code=504, Msg=Not connected
2026-03-17 20:06:07.518184: ReqId=-1, Code=504, Msg=Not connected
2026-03-17 20:06:17.530096: ReqId=2221, Code=504, Msg=Not connected
2026-03-17 20:06:47.826412: ReqId=2222, Code=504, Msg=Not connected
2026-03-17 20:07:18.110617: ReqId=-1, Code=504, Msg=Not connected
2026-03-17 20:07:18.110617: ReqId=2224, Code=504, Msg=Not connected
2026-03-17 20:07:18.111617: ReqId=2223, Code=504, Msg=Not connected
2026-03-17 20:07:18.112617: ReqId=-1, Code=504, Msg=Not connected
2026-03-17 20:07:28.118183: ReqId=2226, Code=504, Msg=Not connected
2026-03-17 20:07:58.369961: ReqId=2227, Code=504, Msg=Not connected
2026-03-17 20:08:28.655737: ReqId=-1, Code=504, Msg=Not connected
2026-03-17 20:08:28.656739: ReqId=2229, Code=504, Msg=Not connected
2026-03-17 20:08:28.657737: ReqId=2228, Code=504, Msg=Not connected
2026-03-17 20:08:28.658737: ReqId=-1, Code=504, Msg=Not connected
2026-03-17 20:08:38.669439: ReqId=2231, Code=504, Msg=Not connected
2026-03-17 20:09:08.942975: ReqId=2232, Code=504, Msg=Not connected
2026-03-17 20:09:39.219014: ReqId=-1, Code=504, Msg=Not connected
2026-03-17 20:09:39.220014: ReqId=2234, Code=504, Msg=Not connected
2026-03-17 20:09:39.220014: ReqId=2233, Code=504, Msg=Not connected
2026-03-17 20:09:39.221014: ReqId=-1, Code=504, Msg=Not connected
2026-03-17 20:09:49.223951: ReqId=2236, Code=504, Msg=Not connected
2026-03-17 20:10:19.518961: ReqId=2237, Code=504, Msg=Not connected
2026-03-17 20:10:49.809873: ReqId=2239, Code=504, Msg=Not connected
2026-03-17 20:10:49.809873: ReqId=-1, Code=504, Msg=Not connected
2026-03-17 20:10:49.810873: ReqId=2238, Code=504, Msg=Not connected
2026-03-17 20:10:49.811872: ReqId=-1, Code=504, Msg=Not connected
2026-03-17 20:10:59.818848: ReqId=2241, Code=504, Msg=Not connected
2026-03-17 20:11:30.091967: ReqId=2242, Code=504, Msg=Not connected
2026-03-17 20:12:00.336783: ReqId=-1, Code=504, Msg=Not connected
2026-03-17 20:12:00.337787: ReqId=2244, Code=504, Msg=Not connected
2026-03-17 20:12:00.337787: ReqId=2243, Code=504, Msg=Not connected
2026-03-17 20:12:00.338786: ReqId=-1, Code=504, Msg=Not connected
2026-03-17 20:12:10.349353: ReqId=2246, Code=504, Msg=Not connected
2026-03-17 20:12:40.605761: ReqId=2247, Code=504, Msg=Not connected
2026-03-17 20:13:10.878657: ReqId=-1, Code=504, Msg=Not connected
2026-03-17 20:13:10.879663: ReqId=2249, Code=504, Msg=Not connected
2026-03-17 20:13:10.879663: ReqId=2248, Code=504, Msg=Not connected
2026-03-17 20:13:10.880660: ReqId=-1, Code=504, Msg=Not connected
2026-03-17 20:13:20.896088: ReqId=2251, Code=504, Msg=Not connected
2026-03-17 20:13:51.179529: ReqId=2252, Code=504, Msg=Not connected
2026-03-17 20:14:21.371089: ReqId=2254, Code=504, Msg=Not connected
2026-03-17 20:14:21.371089: ReqId=-1, Code=504, Msg=Not connected
2026-03-17 20:14:21.373089: ReqId=2253, Code=504, Msg=Not connected
2026-03-17 20:14:21.375088: ReqId=-1, Code=504, Msg=Not connected
2026-03-17 20:14:31.380603: ReqId=2256, Code=504, Msg=Not connected
2026-03-17 20:15:01.642290: ReqId=2257, Code=504, Msg=Not connected
2026-03-17 20:15:31.907537: ReqId=-1, Code=504, Msg=Not connected
2026-03-17 20:15:31.907537: ReqId=2259, Code=504, Msg=Not connected
2026-03-17 20:15:31.908545: ReqId=2258, Code=504, Msg=Not connected
2026-03-17 20:15:31.910588: ReqId=-1, Code=504, Msg=Not connected
2026-03-17 20:15:41.914296: ReqId=2261, Code=504, Msg=Not connected
2026-03-17 20:16:12.186592: ReqId=2262, Code=504, Msg=Not connected
2026-03-17 20:16:42.482724: ReqId=-1, Code=504, Msg=Not connected
2026-03-17 20:16:42.486396: ReqId=2264, Code=504, Msg=Not connected
2026-03-17 20:16:42.487458: ReqId=2263, Code=504, Msg=Not connected
2026-03-17 20:16:42.488404: ReqId=-1, Code=504, Msg=Not connected
2026-03-17 20:16:52.497131: ReqId=2266, Code=504, Msg=Not connected
2026-03-17 20:17:22.794664: ReqId=2267, Code=504, Msg=Not connected
2026-03-17 20:17:53.059599: ReqId=-1, Code=504, Msg=Not connected

2026-03-17 20:17:53.069495: ReqId=2268, Code=504, Msg=Not connected
2026-03-17 20:17:53.072556: ReqId=-1, Code=504, Msg=Not connected
2026-03-17 20:18:03.081047: ReqId=2271, Code=504, Msg=Not connected
2026-03-17 20:18:33.355086: ReqId=2272, Code=504, Msg=Not connected
2026-03-17 20:19:03.664038: ReqId=-1, Code=504, Msg=Not connected
2026-03-17 20:19:03.665038: ReqId=2274, Code=504, Msg=Not connected
2026-03-17 20:19:03.665038: ReqId=2273, Code=504, Msg=Not connected
2026-03-17 20:19:03.666038: ReqId=-1, Code=504, Msg=Not connected
2026-03-17 20:19:13.686928: ReqId=2276, Code=504, Msg=Not connected
2026-03-17 20:19:43.937940: ReqId=2277, Code=504, Msg=Not connected
2026-03-17 20:20:14.280242: ReqId=-1, Code=504, Msg=Not connected
2026-03-17 20:20:14.285788: ReqId=2279, Code=504, Msg=Not connected
2026-03-17 20:20:14.292792: ReqId=2278, Code=504, Msg=Not connected
2026-03-17 20:20:14.300795: ReqId=-1, Code=504, Msg=Not connected
2026-03-17 20:20:24.311753: ReqId=2281, Code=504, Msg=Not connected
2026-03-17 20:20:54.584120: ReqId=2282, Code=504, Msg=Not connected
2026-03-17 20:21:24.818099: ReqId=-1, Code=504, Msg=Not connected
2026-03-17 20:21:24.819180: ReqId=2284, Code=504, Msg=Not connected
2026-03-17 20:21:24.822097: ReqId=2283, Code=504, Msg=Not connected
2026-03-17 20:21:24.825910: ReqId=-1, Code=504, Msg=Not connected
2026-03-17 20:21:34.832595: ReqId=2286, Code=504, Msg=Not connected
2026-03-17 20:22:05.106603: ReqId=2287, Code=504, Msg=Not connected
2026-03-17 20:22:35.394669: ReqId=-1, Code=504, Msg=Not connected
2026-03-17 20:22:35.395666: ReqId=2289, Code=504, Msg=Not connected
2026-03-17 20:22:35.396665: ReqId=2288, Code=504, Msg=Not connected
2026-03-18 10:19:06.872579: ReqId=-1, Code=2104, Msg=Market data farm connection is OK:hfarm
2026-03-18 10:19:06.874085: ReqId=-1, Code=2104, Msg=Market data farm connection is OK:usfarm.nj
2026-03-18 10:19:06.874085: ReqId=-1, Code=2104, Msg=Market data farm connection is OK:jfarm
2026-03-18 10:19:06.875095: ReqId=-1, Code=2104, Msg=Market data farm connection is OK:usfuture
2026-03-18 10:19:06.875095: ReqId=-1, Code=2104, Msg=Market data farm connection is OK:usopt.nj
2026-03-18 10:19:06.876093: ReqId=-1, Code=2104, Msg=Market data farm connection is OK:cashfarm
2026-03-18 10:19:06.876093: ReqId=-1, Code=2104, Msg=Market data farm connection is OK:eufarmnj
2026-03-18 10:19:06.876093: ReqId=-1, Code=2104, Msg=Market data farm connection is OK:usfarm
2026-03-18 10:19:06.877095: ReqId=-1, Code=2106, Msg=HMDS data farm connection is OK:euhmds
2026-03-18 10:19:06.877095: ReqId=-1, Code=2106, Msg=HMDS data farm connection is OK:fundfarm
2026-03-18 10:19:06.877095: ReqId=-1, Code=2106, Msg=HMDS data farm connection is OK:ushmds
2026-03-18 10:19:06.877095: ReqId=-1, Code=2158, Msg=Sec-def data farm connection is OK:secdefnj
2026-03-18 10:19:10.217621: ReqId=2000, Code=10358, Msg=Fundamentals data is not allowed.
2026-03-18 10:19:20.361783: ReqId=2002, Code=10358, Msg=Fundamentals data is not allowed.
2026-03-18 10:19:30.574700: ReqId=2004, Code=10358, Msg=Fundamentals data is not allowed.
2026-03-18 10:19:40.799154: ReqId=2006, Code=10358, Msg=Fundamentals data is not allowed.
2026-03-18 10:19:51.013151: ReqId=2008, Code=10358, Msg=Fundamentals data is not allowed.
2026-03-18 10:20:01.218956: ReqId=2010, Code=10358, Msg=Fundamentals data is not allowed.
2026-03-18 10:20:11.417574: ReqId=2012, Code=10358, Msg=Fundamentals data is not allowed.
2026-03-18 10:20:21.621447: ReqId=2014, Code=10358, Msg=Fundamentals data is not allowed.
2026-03-18 10:20:31.831098: ReqId=2016, Code=10358, Msg=Fundamentals data is not allowed.
2026-03-18 10:20:42.040715: ReqId=2018, Code=10358, Msg=Fundamentals data is not allowed.
2026-03-18 10:20:46.454098: ReqId=-1, Code=2108, Msg=Market data farm connection is inactive but should be available upon demand.hfarm
2026-03-18 10:20:46.457099: ReqId=-1, Code=2108, Msg=Market data farm connection is inactive but should be available upon demand.hfarm
2026-03-18 10:20:46.461099: ReqId=-1, Code=2108, Msg=Market data farm connection is inactive but should be available upon demand.jfarm
2026-03-18 10:20:46.463110: ReqId=-1, Code=2108, Msg=Market data farm connection is inactive but should be available upon demand.usfuture
2026-03-18 10:20:46.464109: ReqId=-1, Code=2108, Msg=Market data farm connection is inactive but should be available upon demand.jfarm
2026-03-18 10:20:46.466107: ReqId=-1, Code=2108, Msg=Market data farm connection is inactive but should be available upon demand.usfuture
2026-03-18 10:20:46.469109: ReqId=-1, Code=2108, Msg=Market data farm connection is inactive but should be available upon demand.eufarmnj
2026-03-18 10:20:46.475108: ReqId=-1, Code=2108, Msg=Market data farm connection is inactive but should be available upon demand.eufarmnj
2026-03-18 10:20:52.244199: ReqId=2020, Code=10358, Msg=Fundamentals data is not allowed.
2026-03-18 10:21:02.452569: ReqId=2022, Code=10358, Msg=Fundamentals data is not allowed.
2026-03-18 10:21:12.655882: ReqId=2024, Code=10358, Msg=Fundamentals data is not allowed.
2026-03-18 10:21:22.864052: ReqId=2026, Code=10358, Msg=Fundamentals data is not allowed.
2026-03-18 10:21:33.074150: ReqId=2028, Code=10358, Msg=Fundamentals data is not allowed.
2026-03-18 10:21:43.277675: ReqId=2030, Code=10358, Msg=Fundamentals data is not allowed.
2026-03-18 10:21:53.495760: ReqId=2032, Code=10358, Msg=Fundamentals data is not allowed.
2026-03-18 10:22:03.696167: ReqId=2034, Code=10358, Msg=Fundamentals data is not allowed.
2026-03-18 10:22:13.906517: ReqId=2036, Code=10358, Msg=Fundamentals data is not allowed.
2026-03-18 10:22:24.117163: ReqId=2038, Code=10358, Msg=Fundamentals data is not allowed.
2026-03-18 10:30:02.105997: ReqId=2100, Code=10358, Msg=Fundamentals data is not allowed.
2026-03-18 10:30:12.619016: ReqId=2105, Code=10358, Msg=Fundamentals data is not allowed.
2026-03-18 10:40:01.600761: ReqId=2110, Code=10358, Msg=Fundamentals data is not allowed.
2026-03-18 10:50:00.761218: ReqId=2115, Code=10358, Msg=Fundamentals data is not allowed.
2026-03-18 10:50:11.378817: ReqId=2120, Code=10358, Msg=Fundamentals data is not allowed.
2026-03-18 10:50:21.693045: ReqId=2125, Code=10358, Msg=Fundamentals data is not allowed.
2026-03-18 11:00:01.601387: ReqId=2130, Code=10358, Msg=Fundamentals data is not allowed.
2026-03-18 11:00:12.215871: ReqId=2135, Code=10358, Msg=Fundamentals data is not allowed.
2026-03-18 11:20:01.416831: ReqId=2140, Code=10358, Msg=Fundamentals data is not allowed.
2026-03-18 11:30:01.774378: ReqId=2145, Code=10358, Msg=Fundamentals data is not allowed.
2026-03-19 09:58:32.157845: ReqId=-1, Code=2104, Msg=Market data farm connection is OK:hfarm
2026-03-19 09:58:32.157845: ReqId=-1, Code=2104, Msg=Market data farm connection is OK:usfarm.nj
2026-03-19 09:58:32.160845: ReqId=-1, Code=2104, Msg=Market data farm connection is OK:jfarm
2026-03-19 09:58:32.163850: ReqId=-1, Code=2104, Msg=Market data farm connection is OK:usfuture
2026-03-19 09:58:32.164847: ReqId=-1, Code=2104, Msg=Market data farm connection is OK:usopt.nj
2026-03-19 09:58:32.164847: ReqId=-1, Code=2104, Msg=Market data farm connection is OK:cashfarm
2026-03-19 09:58:32.164847: ReqId=-1, Code=2104, Msg=Market data farm connection is OK:eufarmnj
2026-03-19 09:58:32.164847: ReqId=-1, Code=2104, Msg=Market data farm connection is OK:usfarm
2026-03-19 09:58:32.164847: ReqId=-1, Code=2106, Msg=HMDS data farm connection is OK:euhmds
2026-03-19 09:58:32.165846: ReqId=-1, Code=2106, Msg=HMDS data farm connection is OK:fundfarm
2026-03-19 09:58:32.165846: ReqId=-1, Code=2106, Msg=HMDS data farm connection is OK:ushmds
2026-03-19 09:58:32.165846: ReqId=-1, Code=2158, Msg=Sec-def data farm connection is OK:secdefnj
2026-03-19 09:58:35.270767: ReqId=2000, Code=10358, Msg=Fundamentals data is not allowed.
2026-03-19 09:58:45.380725: ReqId=2002, Code=10358, Msg=Fundamentals data is not allowed.
2026-03-19 09:58:55.598028: ReqId=2004, Code=10358, Msg=Fundamentals data is not allowed.
2026-03-19 09:59:06.208282: ReqId=2006, Code=10358, Msg=Fundamentals data is not allowed.
2026-03-19 09:59:16.418209: ReqId=2008, Code=10358, Msg=Fundamentals data is not allowed.
2026-03-19 09:59:26.626525: ReqId=2010, Code=10358, Msg=Fundamentals data is not allowed.
2026-03-19 09:59:36.929962: ReqId=2012, Code=10358, Msg=Fundamentals data is not allowed.
2026-03-19 09:59:47.333365: ReqId=2014, Code=10358, Msg=Fundamentals data is not allowed.
2026-03-19 09:59:57.543413: ReqId=2016, Code=10358, Msg=Fundamentals data is not allowed.
2026-03-19 10:00:07.745064: ReqId=2018, Code=10358, Msg=Fundamentals data is not allowed.
2026-03-19 10:00:17.949066: ReqId=2020, Code=10358, Msg=Fundamentals data is not allowed.
2026-03-19 10:00:28.158844: ReqId=2022, Code=10358, Msg=Fundamentals data is not allowed.
2026-03-19 10:00:38.362219: ReqId=2024, Code=10358, Msg=Fundamentals data is not allowed.
2026-03-19 10:00:42.350786: ReqId=-1, Code=2108, Msg=Market data farm connection is inactive but should be available upon demand.hfarm
2026-03-19 10:00:42.350786: ReqId=-1, Code=2108, Msg=Market data farm connection is inactive but should be available upon demand.hfarm
2026-03-19 10:00:42.352787: ReqId=-1, Code=2108, Msg=Market data farm connection is inactive but should be available upon demand.jfarm
2026-03-19 10:00:42.353786: ReqId=-1, Code=2108, Msg=Market data farm connection is inactive but should be available upon demand.jfarm
2026-03-19 10:00:42.354789: ReqId=-1, Code=2108, Msg=Market data farm connection is inactive but should be available upon demand.usfuture
2026-03-19 10:00:42.355787: ReqId=-1, Code=2108, Msg=Market data farm connection is inactive but should be available upon demand.usfuture
2026-03-19 10:00:42.356786: ReqId=-1, Code=2108, Msg=Market data farm connection is inactive but should be available upon demand.eufarmnj
2026-03-19 10:00:42.358792: ReqId=-1, Code=2108, Msg=Market data farm connection is inactive but should be available upon demand.eufarmnj
2026-03-19 10:00:48.564732: ReqId=2026, Code=10358, Msg=Fundamentals data is not allowed.
2026-03-19 10:00:58.866567: ReqId=2028, Code=10358, Msg=Fundamentals data is not allowed.
2026-03-19 10:01:09.072605: ReqId=2030, Code=10358, Msg=Fundamentals data is not allowed.
2026-03-19 10:01:19.279524: ReqId=2032, Code=10358, Msg=Fundamentals data is not allowed.
2026-03-19 10:01:29.487536: ReqId=2034, Code=10358, Msg=Fundamentals data is not allowed.
2026-03-19 10:01:39.692875: ReqId=2036, Code=10358, Msg=Fundamentals data is not allowed.
2026-03-19 10:01:49.910452: ReqId=2038, Code=10358, Msg=Fundamentals data is not allowed.
2026-03-19 10:10:01.555390: ReqId=2100, Code=10358, Msg=Fundamentals data is not allowed.
2026-03-19 10:10:11.965395: ReqId=2105, Code=10358, Msg=Fundamentals data is not allowed.
2026-03-19 10:10:22.378361: ReqId=2110, Code=10358, Msg=Fundamentals data is not allowed.
2026-03-19 10:10:32.793499: ReqId=2115, Code=10358, Msg=Fundamentals data is not allowed.
2026-03-19 10:10:43.102788: ReqId=2120, Code=10358, Msg=Fundamentals data is not allowed.
2026-03-19 10:20:01.161682: ReqId=2125, Code=10358, Msg=Fundamentals data is not allowed.
2026-03-19 10:20:11.665233: ReqId=2130, Code=10358, Msg=Fundamentals data is not allowed.
2026-03-19 10:20:21.981026: ReqId=2135, Code=10358, Msg=Fundamentals data is not allowed.
2026-03-19 10:20:32.284794: ReqId=2140, Code=10358, Msg=Fundamentals data is not allowed.
2026-03-19 10:30:01.972581: ReqId=2145, Code=10358, Msg=Fundamentals data is not allowed.
2026-03-19 10:30:12.388582: ReqId=2150, Code=10358, Msg=Fundamentals data is not allowed.
2026-03-19 10:40:01.204369: ReqId=2155, Code=10358, Msg=Fundamentals data is not allowed.
2026-03-19 10:40:11.718206: ReqId=2160, Code=10358, Msg=Fundamentals data is not allowed.
2026-03-19 10:40:22.131632: ReqId=2165, Code=10358, Msg=Fundamentals data is not allowed.
2026-03-19 10:50:01.633365: ReqId=2170, Code=10358, Msg=Fundamentals data is not allowed.
2026-03-19 11:00:00.952323: ReqId=2175, Code=10358, Msg=Fundamentals data is not allowed.
2026-03-19 11:07:05.189512: ReqId=-1, Code=2104, Msg=Market data farm connection is OK:usfarm.nj
2026-03-19 11:07:05.190512: ReqId=-1, Code=2104, Msg=Market data farm connection is OK:usopt.nj
2026-03-19 11:07:05.190512: ReqId=-1, Code=2104, Msg=Market data farm connection is OK:cashfarm
2026-03-19 11:07:05.191512: ReqId=-1, Code=2104, Msg=Market data farm connection is OK:usfarm
2026-03-19 11:07:05.191512: ReqId=-1, Code=2106, Msg=HMDS data farm connection is OK:euhmds
2026-03-19 11:07:05.191512: ReqId=-1, Code=2106, Msg=HMDS data farm connection is OK:fundfarm
2026-03-19 11:07:05.191512: ReqId=-1, Code=2106, Msg=HMDS data farm connection is OK:ushmds
2026-03-19 11:07:05.192516: ReqId=-1, Code=2158, Msg=Sec-def data farm connection is OK:secdefnj
2026-03-19 11:07:07.910369: ReqId=2000, Code=10358, Msg=Fundamentals data is not allowed.
2026-03-19 11:07:17.926712: ReqId=2002, Code=10358, Msg=Fundamentals data is not allowed.
2026-03-19 11:07:28.039199: ReqId=2004, Code=10358, Msg=Fundamentals data is not allowed.
2026-03-19 11:07:38.148290: ReqId=2006, Code=10358, Msg=Fundamentals data is not allowed.
2026-03-19 11:07:48.253499: ReqId=2008, Code=10358, Msg=Fundamentals data is not allowed.
2026-03-19 11:07:58.368227: ReqId=2010, Code=10358, Msg=Fundamentals data is not allowed.
2026-03-19 11:08:08.485324: ReqId=2012, Code=10358, Msg=Fundamentals data is not allowed.
2026-03-19 11:08:18.586480: ReqId=2014, Code=10358, Msg=Fundamentals data is not allowed.
2026-03-19 11:08:28.697750: ReqId=2016, Code=10358, Msg=Fundamentals data is not allowed.
2026-03-19 11:08:38.805458: ReqId=2018, Code=10358, Msg=Fundamentals data is not allowed.
2026-03-19 11:08:48.916804: ReqId=2020, Code=10358, Msg=Fundamentals data is not allowed.
2026-03-19 11:08:59.017728: ReqId=2022, Code=10358, Msg=Fundamentals data is not allowed.
2026-03-19 11:09:09.120450: ReqId=2024, Code=10358, Msg=Fundamentals data is not allowed.
2026-03-19 11:09:19.226101: ReqId=2026, Code=10358, Msg=Fundamentals data is not allowed.
2026-03-19 11:09:29.340953: ReqId=2028, Code=10358, Msg=Fundamentals data is not allowed.
2026-03-19 11:09:39.435447: ReqId=2030, Code=10358, Msg=Fundamentals data is not allowed.
2026-03-19 11:09:49.640505: ReqId=2032, Code=10358, Msg=Fundamentals data is not allowed.
2026-03-19 11:09:59.746356: ReqId=2034, Code=10358, Msg=Fundamentals data is not allowed.
2026-03-19 11:10:09.856162: ReqId=2036, Code=10358, Msg=Fundamentals data is not allowed.
2026-03-19 11:10:19.966137: ReqId=2038, Code=10358, Msg=Fundamentals data is not allowed.
2026-03-19 11:20:01.391083: ReqId=2100, Code=10358, Msg=Fundamentals data is not allowed.
2026-03-19 11:20:11.999103: ReqId=2105, Code=10358, Msg=Fundamentals data is not allowed.
2026-03-19 11:20:22.408960: ReqId=2110, Code=10358, Msg=Fundamentals data is not allowed.
2026-03-19 11:23:26.332557: ReqId=-1, Code=2104, Msg=Market data farm connection is OK:usfarm.nj
2026-03-19 11:23:26.333085: ReqId=-1, Code=2104, Msg=Market data farm connection is OK:usopt.nj
2026-03-19 11:23:26.333085: ReqId=-1, Code=2104, Msg=Market data farm connection is OK:cashfarm
2026-03-19 11:23:26.333085: ReqId=-1, Code=2104, Msg=Market data farm connection is OK:usfarm
2026-03-19 11:23:26.334086: ReqId=-1, Code=2106, Msg=HMDS data farm connection is OK:euhmds
2026-03-19 11:23:26.334086: ReqId=-1, Code=2106, Msg=HMDS data farm connection is OK:fundfarm
2026-03-19 11:23:26.334086: ReqId=-1, Code=2106, Msg=HMDS data farm connection is OK:ushmds
2026-03-19 11:23:26.335085: ReqId=-1, Code=2158, Msg=Sec-def data farm connection is OK:secdefnj
2026-03-19 11:23:28.959160: ReqId=2000, Code=10358, Msg=Fundamentals data is not allowed.
2026-03-19 11:23:38.965209: ReqId=2002, Code=10358, Msg=Fundamentals data is not allowed.
2026-03-19 11:23:49.069810: ReqId=2004, Code=10358, Msg=Fundamentals data is not allowed.
2026-03-19 11:23:59.282588: ReqId=2006, Code=10358, Msg=Fundamentals data is not allowed.
2026-03-19 11:24:09.598333: ReqId=2008, Code=10358, Msg=Fundamentals data is not allowed.
2026-03-19 11:24:19.704626: ReqId=2010, Code=10358, Msg=Fundamentals data is not allowed.
2026-03-19 11:24:29.808664: ReqId=2012, Code=10358, Msg=Fundamentals data is not allowed.
2026-03-19 11:24:39.910280: ReqId=2014, Code=10358, Msg=Fundamentals data is not allowed.
2026-03-19 11:24:50.033594: ReqId=2016, Code=10358, Msg=Fundamentals data is not allowed.
2026-03-19 11:25:00.135055: ReqId=2018, Code=10358, Msg=Fundamentals data is not allowed.
2026-03-19 11:25:10.237010: ReqId=2020, Code=10358, Msg=Fundamentals data is not allowed.
2026-03-19 11:25:20.342323: ReqId=2022, Code=10358, Msg=Fundamentals data is not allowed.
2026-03-19 11:25:30.453230: ReqId=2024, Code=10358, Msg=Fundamentals data is not allowed.
2026-03-19 11:25:40.555431: ReqId=2026, Code=10358, Msg=Fundamentals data is not allowed.
2026-03-19 11:25:50.659747: ReqId=2028, Code=10358, Msg=Fundamentals data is not allowed.
2026-03-19 11:26:00.874573: ReqId=2030, Code=10358, Msg=Fundamentals data is not allowed.
2026-03-19 11:26:10.982081: ReqId=2032, Code=10358, Msg=Fundamentals data is not allowed.
2026-03-19 11:26:21.089929: ReqId=2034, Code=10358, Msg=Fundamentals data is not allowed.
2026-03-19 11:26:31.190949: ReqId=2036, Code=10358, Msg=Fundamentals data is not allowed.
2026-03-19 11:26:41.306434: ReqId=2038, Code=10358, Msg=Fundamentals data is not allowed.
2026-03-19 11:30:01.109083: ReqId=2100, Code=10358, Msg=Fundamentals data is not allowed.
2026-03-19 11:30:11.615486: ReqId=2105, Code=10358, Msg=Fundamentals data is not allowed.
2026-03-19 11:30:21.720009: ReqId=2110, Code=10358, Msg=Fundamentals data is not allowed.
2026-03-19 11:34:19.989003: ReqId=-1, Code=2104, Msg=Market data farm connection is OK:usfarm.nj
2026-03-19 11:34:19.990002: ReqId=-1, Code=2104, Msg=Market data farm connection is OK:usopt.nj
2026-03-19 11:34:19.990002: ReqId=-1, Code=2104, Msg=Market data farm connection is OK:cashfarm
2026-03-19 11:34:19.991002: ReqId=-1, Code=2104, Msg=Market data farm connection is OK:usfarm
2026-03-19 11:34:19.991002: ReqId=-1, Code=2106, Msg=HMDS data farm connection is OK:euhmds
2026-03-19 11:34:19.991002: ReqId=-1, Code=2106, Msg=HMDS data farm connection is OK:fundfarm
2026-03-19 11:34:19.991002: ReqId=-1, Code=2106, Msg=HMDS data farm connection is OK:ushmds
2026-03-19 11:34:19.992003: ReqId=-1, Code=2158, Msg=Sec-def data farm connection is OK:secdefnj
2026-03-19 11:34:22.607417: ReqId=2000, Code=10358, Msg=Fundamentals data is not allowed.
2026-03-19 11:34:32.710583: ReqId=2002, Code=10358, Msg=Fundamentals data is not allowed.
2026-03-19 11:34:42.823360: ReqId=2004, Code=10358, Msg=Fundamentals data is not allowed.
2026-03-19 11:34:52.934691: ReqId=2006, Code=10358, Msg=Fundamentals data is not allowed.
2026-03-19 11:35:03.041601: ReqId=2008, Code=10358, Msg=Fundamentals data is not allowed.
2026-03-19 11:35:13.152873: ReqId=2010, Code=10358, Msg=Fundamentals data is not allowed.
2026-03-19 11:35:23.265461: ReqId=2012, Code=10358, Msg=Fundamentals data is not allowed.
2026-03-19 11:35:33.368272: ReqId=2014, Code=10358, Msg=Fundamentals data is not allowed.
2026-03-19 11:35:43.474664: ReqId=2016, Code=10358, Msg=Fundamentals data is not allowed.
2026-03-19 11:35:53.691775: ReqId=2018, Code=10358, Msg=Fundamentals data is not allowed.
2026-03-19 11:36:03.797338: ReqId=2020, Code=10358, Msg=Fundamentals data is not allowed.
2026-03-19 11:36:15.614083: ReqId=2022, Code=10358, Msg=Fundamentals data is not allowed.
2026-03-19 11:36:25.718621: ReqId=2024, Code=10358, Msg=Fundamentals data is not allowed.
2026-03-19 11:36:35.824647: ReqId=2026, Code=10358, Msg=Fundamentals data is not allowed.
2026-03-19 11:36:45.926373: ReqId=2028, Code=10358, Msg=Fundamentals data is not allowed.
2026-03-19 11:36:56.033788: ReqId=2030, Code=10358, Msg=Fundamentals data is not allowed.
2026-03-19 11:37:06.144889: ReqId=2032, Code=10358, Msg=Fundamentals data is not allowed.
2026-03-19 11:37:16.448994: ReqId=2034, Code=10358, Msg=Fundamentals data is not allowed.
2026-03-19 11:37:26.558020: ReqId=2036, Code=10358, Msg=Fundamentals data is not allowed.
2026-03-19 11:37:36.674509: ReqId=2038, Code=10358, Msg=Fundamentals data is not allowed.
2026-03-19 11:40:01.240452: ReqId=2100, Code=10358, Msg=Fundamentals data is not allowed.
2026-03-19 11:50:00.714692: ReqId=2105, Code=10358, Msg=Fundamentals data is not allowed.
2026-03-19 11:50:11.130287: ReqId=2110, Code=10358, Msg=Fundamentals data is not allowed.
2026-03-19 12:00:01.339012: ReqId=2115, Code=10358, Msg=Fundamentals data is not allowed.
2026-03-19 12:10:00.847169: ReqId=2120, Code=10358, Msg=Fundamentals data is not allowed.
2026-03-19 12:10:11.248084: ReqId=2125, Code=10358, Msg=Fundamentals data is not allowed.
2026-03-19 12:10:21.458184: ReqId=2130, Code=10358, Msg=Fundamentals data is not allowed.
2026-03-19 12:10:31.768677: ReqId=2135, Code=10358, Msg=Fundamentals data is not allowed.
2026-03-19 12:30:01.132955: ReqId=2140, Code=10358, Msg=Fundamentals data is not allowed.
2026-03-19 12:40:01.476881: ReqId=2145, Code=10358, Msg=Fundamentals data is not allowed.
2026-03-19 12:50:00.757751: ReqId=2150, Code=10358, Msg=Fundamentals data is not allowed.
2026-03-19 13:00:01.499084: ReqId=2155, Code=10358, Msg=Fundamentals data is not allowed.
2026-03-19 13:00:12.103817: ReqId=2160, Code=10358, Msg=Fundamentals data is not allowed.
2026-03-19 13:20:01.201441: ReqId=2165, Code=10358, Msg=Fundamentals data is not allowed.
2026-03-19 13:20:11.612349: ReqId=2170, Code=10358, Msg=Fundamentals data is not allowed.
2026-03-19 13:50:01.067379: ReqId=2175, Code=10358, Msg=Fundamentals data is not allowed.
2026-03-19 14:10:01.111369: ReqId=2180, Code=10358, Msg=Fundamentals data is not allowed.
2026-03-19 14:30:01.097500: ReqId=2185, Code=10358, Msg=Fundamentals data is not allowed.
2026-03-19 15:10:01.167918: ReqId=2190, Code=10358, Msg=Fundamentals data is not allowed.
2026-03-19 15:20:01.449548: ReqId=2195, Code=10358, Msg=Fundamentals data is not allowed.
2026-03-19 15:40:01.689774: ReqId=2200, Code=10358, Msg=Fundamentals data is not allowed.
2026-03-19 15:50:01.731783: ReqId=2205, Code=10358, Msg=Fundamentals data is not allowed.
2026-03-19 16:00:01.572253: ReqId=2210, Code=10358, Msg=Fundamentals data is not allowed.
2026-03-19 16:00:11.946106: ReqId=2214, Code=162, Msg=Historical Market Data Service error message:HMDS query returned no data: HSPTU@SMART Trades
2026-03-19 16:10:01.227111: ReqId=2215, Code=10358, Msg=Fundamentals data is not allowed.
2026-03-19 17:04:04.539553: ReqId=-1, Code=2103, Msg=Market data farm connection is broken:cashfarm
2026-03-19 17:04:05.031894: ReqId=-1, Code=2103, Msg=Market data farm connection is broken:cashfarm
2026-03-19 17:04:07.962439: ReqId=-1, Code=2104, Msg=Market data farm connection is OK:cashfarm
2026-03-19 17:09:04.948325: ReqId=-1, Code=2103, Msg=Market data farm connection is broken:cashfarm
2026-03-19 17:09:08.821695: ReqId=-1, Code=2104, Msg=Market data farm connection is OK:cashfarm
2026-03-19 19:02:43.378924: ReqId=-1, Code=2105, Msg=HMDS data farm connection is broken:euhmds
2026-03-19 19:02:44.380781: ReqId=-1, Code=2106, Msg=HMDS data farm connection is OK:euhmds
2026-03-19 20:10:14.110452: ReqId=-1, Code=504, Msg=Not connected
2026-03-19 20:10:24.118028: ReqId=2221, Code=504, Msg=Not connected
2026-03-19 20:10:54.260622: ReqId=2222, Code=504, Msg=Not connected
2026-03-19 20:11:24.400691: ReqId=-1, Code=504, Msg=Not connected
2026-03-19 20:11:24.402688: ReqId=2224, Code=504, Msg=Not connected
2026-03-19 20:11:24.403694: ReqId=2223, Code=504, Msg=Not connected
2026-03-19 20:11:24.406208: ReqId=-1, Code=504, Msg=Not connected
2026-03-19 20:11:34.412050: ReqId=2226, Code=504, Msg=Not connected
2026-03-19 20:12:04.548143: ReqId=2227, Code=504, Msg=Not connected
2026-03-19 20:12:34.689044: ReqId=-1, Code=504, Msg=Not connected
2026-03-19 20:12:34.690045: ReqId=2229, Code=504, Msg=Not connected
2026-03-19 20:12:34.693032: ReqId=2228, Code=504, Msg=Not connected
2026-03-19 20:12:34.697034: ReqId=-1, Code=504, Msg=Not connected
2026-03-19 20:12:44.710634: ReqId=2231, Code=504, Msg=Not connected
2026-03-19 20:13:14.849441: ReqId=2232, Code=504, Msg=Not connected
2026-03-19 20:13:44.996136: ReqId=-1, Code=504, Msg=Not connected
2026-03-19 20:13:44.998128: ReqId=2234, Code=504, Msg=Not connected
2026-03-19 20:13:45.000129: ReqId=2233, Code=504, Msg=Not connected
2026-03-19 20:13:45.003129: ReqId=-1, Code=504, Msg=Not connected
2026-03-19 20:13:55.020449: ReqId=2236, Code=504, Msg=Not connected
2026-03-19 20:14:25.155942: ReqId=2237, Code=504, Msg=Not connected
2026-03-19 20:14:55.297389: ReqId=2239, Code=504, Msg=Not connected
2026-03-19 20:14:55.297389: ReqId=2238, Code=504, Msg=Not connected
2026-03-19 20:14:55.298393: ReqId=-1, Code=504, Msg=Not connected
2026-03-19 20:15:05.303062: ReqId=2241, Code=504, Msg=Not connected
2026-03-19 20:15:35.452327: ReqId=2242, Code=504, Msg=Not connected
2026-03-19 20:16:05.612397: ReqId=-1, Code=504, Msg=Not connected
2026-03-19 20:16:05.612397: ReqId=2244, Code=504, Msg=Not connected
2026-03-19 20:16:05.613928: ReqId=2243, Code=504, Msg=Not connected
2026-03-19 20:16:05.614969: ReqId=-1, Code=504, Msg=Not connected
2026-03-19 20:16:15.620328: ReqId=2246, Code=504, Msg=Not connected
2026-03-19 20:16:45.756775: ReqId=2247, Code=504, Msg=Not connected
2026-03-19 20:17:15.894086: ReqId=-1, Code=504, Msg=Not connected
2026-03-19 20:17:15.896080: ReqId=2249, Code=504, Msg=Not connected
2026-03-19 20:17:15.898100: ReqId=2248, Code=504, Msg=Not connected
2026-03-19 20:17:15.902092: ReqId=-1, Code=504, Msg=Not connected
2026-03-19 20:17:25.907842: ReqId=2251, Code=504, Msg=Not connected
2026-03-19 20:17:56.044284: ReqId=2252, Code=504, Msg=Not connected
2026-03-19 20:18:26.178414: ReqId=-1, Code=504, Msg=Not connected
2026-03-19 20:18:26.179404: ReqId=2254, Code=504, Msg=Not connected
2026-03-19 20:18:26.182410: ReqId=2253, Code=504, Msg=Not connected
2026-03-19 20:18:26.185403: ReqId=-1, Code=504, Msg=Not connected
2026-03-19 20:18:36.201187: ReqId=2256, Code=504, Msg=Not connected
2026-03-19 20:19:06.339614: ReqId=2257, Code=504, Msg=Not connected
2026-03-19 20:19:36.481722: ReqId=-1, Code=504, Msg=Not connected
2026-03-19 20:19:36.484384: ReqId=2259, Code=504, Msg=Not connected
2026-03-19 20:19:36.486302: ReqId=2258, Code=504, Msg=Not connected
2026-03-19 20:19:36.490291: ReqId=-1, Code=504, Msg=Not connected
2026-03-19 20:19:46.501634: ReqId=2261, Code=504, Msg=Not connected
2026-03-19 20:20:16.653156: ReqId=2262, Code=504, Msg=Not connected
2026-03-19 20:20:46.794848: ReqId=-1, Code=504, Msg=Not connected
2026-03-19 20:20:46.796853: ReqId=2264, Code=504, Msg=Not connected
2026-03-19 20:20:46.799843: ReqId=2263, Code=504, Msg=Not connected
2026-03-19 20:20:46.803851: ReqId=-1, Code=504, Msg=Not connected
2026-03-19 20:20:56.819349: ReqId=2266, Code=504, Msg=Not connected
2026-03-19 20:21:26.952722: ReqId=2267, Code=504, Msg=Not connected
2026-03-19 20:21:57.103738: ReqId=-1, Code=504, Msg=Not connected
2026-03-19 20:21:57.106730: ReqId=2269, Code=504, Msg=Not connected
2026-03-19 20:21:57.107732: ReqId=2268, Code=504, Msg=Not connected
2026-03-19 20:21:57.108732: ReqId=-1, Code=504, Msg=Not connected
2026-03-19 20:22:07.112402: ReqId=2271, Code=504, Msg=Not connected
2026-03-19 20:22:37.255838: ReqId=2272, Code=504, Msg=Not connected
2026-03-19 20:23:07.395831: ReqId=-1, Code=504, Msg=Not connected
2026-03-19 20:23:07.397829: ReqId=2274, Code=504, Msg=Not connected
2026-03-19 20:23:07.399832: ReqId=2273, Code=504, Msg=Not connected
2026-03-19 20:23:07.402844: ReqId=-1, Code=504, Msg=Not connected
2026-03-19 20:23:17.411227: ReqId=2276, Code=504, Msg=Not connected
2026-03-19 20:23:47.540629: ReqId=2277, Code=504, Msg=Not connected
2026-03-19 20:24:17.687534: ReqId=-1, Code=504, Msg=Not connected
2026-03-19 20:24:17.688534: ReqId=2279, Code=504, Msg=Not connected
2026-03-19 20:24:17.690533: ReqId=2278, Code=504, Msg=Not connected
2026-03-19 20:24:17.693533: ReqId=-1, Code=504, Msg=Not connected
2026-03-19 20:24:27.699286: ReqId=2281, Code=504, Msg=Not connected
2026-03-19 20:24:57.834865: ReqId=2282, Code=504, Msg=Not connected
2026-03-19 20:25:27.984061: ReqId=-1, Code=504, Msg=Not connected
2026-03-19 20:25:27.986061: ReqId=2284, Code=504, Msg=Not connected
2026-03-19 20:25:27.988059: ReqId=2283, Code=504, Msg=Not connected
2026-03-19 20:25:27.991063: ReqId=-1, Code=504, Msg=Not connected
2026-03-19 20:25:37.997115: ReqId=2286, Code=504, Msg=Not connected
2026-03-19 20:26:08.137455: ReqId=2287, Code=504, Msg=Not connected
2026-03-19 20:26:38.277208: ReqId=-1, Code=504, Msg=Not connected
2026-03-19 20:26:38.278303: ReqId=2289, Code=504, Msg=Not connected
2026-03-19 20:26:38.281220: ReqId=2288, Code=504, Msg=Not connected
2026-03-19 20:26:38.284851: ReqId=-1, Code=504, Msg=Not connected
2026-03-19 20:26:48.289452: ReqId=2291, Code=504, Msg=Not connected
2026-03-19 20:27:18.434013: ReqId=2292, Code=504, Msg=Not connected
2026-03-19 20:27:48.581887: ReqId=-1, Code=504, Msg=Not connected
2026-03-19 20:27:48.582886: ReqId=2294, Code=504, Msg=Not connected
2026-03-19 20:27:48.586494: ReqId=2293, Code=504, Msg=Not connected
2026-03-19 20:27:48.590509: ReqId=-1, Code=504, Msg=Not connected
2026-03-19 20:27:58.597038: ReqId=2296, Code=504, Msg=Not connected
2026-03-19 20:28:28.736057: ReqId=2297, Code=504, Msg=Not connected
2026-03-19 20:28:58.873557: ReqId=-1, Code=504, Msg=Not connected
2026-03-19 20:28:58.875561: ReqId=2299, Code=504, Msg=Not connected
2026-03-19 20:28:58.876559: ReqId=2298, Code=504, Msg=Not connected
2026-03-19 20:28:58.879562: ReqId=-1, Code=504, Msg=Not connected
2026-03-19 20:29:08.887696: ReqId=2301, Code=504, Msg=Not connected
2026-03-19 20:29:39.019837: ReqId=2302, Code=504, Msg=Not connected
2026-03-19 20:30:09.173249: ReqId=-1, Code=504, Msg=Not connected
2026-03-19 20:30:09.175248: ReqId=2304, Code=504, Msg=Not connected
2026-03-19 20:30:09.177253: ReqId=2303, Code=504, Msg=Not connected
2026-03-19 20:30:09.181246: ReqId=-1, Code=504, Msg=Not connected
2026-03-19 20:30:19.184865: ReqId=2306, Code=504, Msg=Not connected
2026-03-19 20:30:49.331692: ReqId=2307, Code=504, Msg=Not connected
2026-03-19 20:31:19.474283: ReqId=-1, Code=504, Msg=Not connected
2026-03-19 20:31:19.478349: ReqId=2309, Code=504, Msg=Not connected
2026-03-19 20:31:19.478349: ReqId=2308, Code=504, Msg=Not connected
2026-03-19 20:31:19.484261: ReqId=-1, Code=504, Msg=Not connected
2026-03-19 20:31:29.497907: ReqId=2311, Code=504, Msg=Not connected
2026-03-19 20:31:59.646488: ReqId=2312, Code=504, Msg=Not connected
2026-03-19 20:32:29.785022: ReqId=-1, Code=504, Msg=Not connected
2026-03-19 20:32:29.787022: ReqId=2314, Code=504, Msg=Not connected
2026-03-19 20:32:29.788029: ReqId=2313, Code=504, Msg=Not connected
2026-03-19 20:32:29.792689: ReqId=-1, Code=504, Msg=Not connected
2026-03-19 20:32:39.797060: ReqId=2316, Code=504, Msg=Not connected
2026-03-19 20:33:09.938847: ReqId=2317, Code=504, Msg=Not connected
2026-03-19 20:33:40.089036: ReqId=-1, Code=504, Msg=Not connected
2026-03-19 20:33:40.090034: ReqId=2319, Code=504, Msg=Not connected
2026-03-19 20:33:40.093462: ReqId=2318, Code=504, Msg=Not connected
2026-03-20 09:35:33.949864: ReqId=-1, Code=2104, Msg=Market data farm connection is OK:hfarm
2026-03-20 09:35:33.950862: ReqId=-1, Code=2104, Msg=Market data farm connection is OK:usfarm.nj
2026-03-20 09:35:33.950862: ReqId=-1, Code=2104, Msg=Market data farm connection is OK:jfarm
2026-03-20 09:35:33.950862: ReqId=-1, Code=2104, Msg=Market data farm connection is OK:usfuture
2026-03-20 09:35:33.952365: ReqId=-1, Code=2104, Msg=Market data farm connection is OK:usopt.nj
2026-03-20 09:35:33.952365: ReqId=-1, Code=2104, Msg=Market data farm connection is OK:cashfarm
2026-03-20 09:35:33.952365: ReqId=-1, Code=2104, Msg=Market data farm connection is OK:eufarmnj
2026-03-20 09:35:33.952365: ReqId=-1, Code=2104, Msg=Market data farm connection is OK:usfarm
2026-03-20 09:35:33.952365: ReqId=-1, Code=2106, Msg=HMDS data farm connection is OK:euhmds
2026-03-20 09:35:33.953370: ReqId=-1, Code=2106, Msg=HMDS data farm connection is OK:fundfarm
2026-03-20 09:35:33.953370: ReqId=-1, Code=2106, Msg=HMDS data farm connection is OK:ushmds
2026-03-20 09:35:33.953370: ReqId=-1, Code=2158, Msg=Sec-def data farm connection is OK:secdefnj
2026-03-20 09:35:37.144242: ReqId=2000, Code=10358, Msg=Fundamentals data is not allowed.
2026-03-20 09:35:47.249230: ReqId=2002, Code=10358, Msg=Fundamentals data is not allowed.
2026-03-20 09:35:57.456549: ReqId=2004, Code=10358, Msg=Fundamentals data is not allowed.
2026-03-20 09:36:07.658259: ReqId=2006, Code=10358, Msg=Fundamentals data is not allowed.
2026-03-20 09:36:17.872708: ReqId=2008, Code=10358, Msg=Fundamentals data is not allowed.
2026-03-20 09:36:28.085156: ReqId=2010, Code=10358, Msg=Fundamentals data is not allowed.
2026-03-20 09:36:38.295507: ReqId=2012, Code=10358, Msg=Fundamentals data is not allowed.
2026-03-20 09:36:48.501341: ReqId=2014, Code=10358, Msg=Fundamentals data is not allowed.
2026-03-20 09:36:58.709371: ReqId=2016, Code=10358, Msg=Fundamentals data is not allowed.
2026-03-20 09:37:08.916572: ReqId=2018, Code=10358, Msg=Fundamentals data is not allowed.
2026-03-20 09:37:19.118071: ReqId=2020, Code=10358, Msg=Fundamentals data is not allowed.
2026-03-20 09:37:29.320081: ReqId=2022, Code=10358, Msg=Fundamentals data is not allowed.
2026-03-20 09:37:39.387294: ReqId=-1, Code=2108, Msg=Market data farm connection is inactive but should be available upon demand.hfarm
2026-03-20 09:37:39.388296: ReqId=-1, Code=2108, Msg=Market data farm connection is inactive but should be available upon demand.hfarm
2026-03-20 09:37:39.391293: ReqId=-1, Code=2108, Msg=Market data farm connection is inactive but should be available upon demand.jfarm
2026-03-20 09:37:39.393299: ReqId=-1, Code=2108, Msg=Market data farm connection is inactive but should be available upon demand.jfarm
2026-03-20 09:37:39.394295: ReqId=-1, Code=2108, Msg=Market data farm connection is inactive but should be available upon demand.usfuture
2026-03-20 09:37:39.398294: ReqId=-1, Code=2108, Msg=Market data farm connection is inactive but should be available upon demand.eufarmnj
2026-03-20 09:37:39.401295: ReqId=-1, Code=2108, Msg=Market data farm connection is inactive but should be available upon demand.eufarmnj
2026-03-20 09:37:39.403302: ReqId=-1, Code=2108, Msg=Market data farm connection is inactive but should be available upon demand.usfuture
2026-03-20 09:37:39.538382: ReqId=2024, Code=10358, Msg=Fundamentals data is not allowed.
2026-03-20 09:37:49.749816: ReqId=2026, Code=10358, Msg=Fundamentals data is not allowed.
2026-03-20 09:37:59.960164: ReqId=2028, Code=10358, Msg=Fundamentals data is not allowed.
2026-03-20 09:38:10.174414: ReqId=2030, Code=10358, Msg=Fundamentals data is not allowed.
2026-03-20 09:38:20.380793: ReqId=2032, Code=10358, Msg=Fundamentals data is not allowed.
2026-03-20 09:38:30.595196: ReqId=2034, Code=10358, Msg=Fundamentals data is not allowed.
2026-03-20 09:38:40.805123: ReqId=2036, Code=10358, Msg=Fundamentals data is not allowed.
2026-03-20 09:38:51.117851: ReqId=2038, Code=10358, Msg=Fundamentals data is not allowed.
2026-03-20 09:40:02.035075: ReqId=2100, Code=10358, Msg=Fundamentals data is not allowed.
2026-03-20 09:40:13.289866: ReqId=2105, Code=10358, Msg=Fundamentals data is not allowed.
2026-03-20 09:40:23.604842: ReqId=2110, Code=10358, Msg=Fundamentals data is not allowed.
2026-03-20 09:50:01.928471: ReqId=2115, Code=10358, Msg=Fundamentals data is not allowed.
2026-03-20 09:50:12.452444: ReqId=2120, Code=10358, Msg=Fundamentals data is not allowed.
2026-03-20 09:50:22.887630: ReqId=2125, Code=10358, Msg=Fundamentals data is not allowed.
2026-03-20 09:50:33.214381: ReqId=2130, Code=10358, Msg=Fundamentals data is not allowed.
2026-03-20 10:00:02.178033: ReqId=2135, Code=10358, Msg=Fundamentals data is not allowed.
2026-03-20 10:00:12.699802: ReqId=2140, Code=10358, Msg=Fundamentals data is not allowed.
2026-03-20 10:00:23.020062: ReqId=2145, Code=10358, Msg=Fundamentals data is not allowed.
2026-03-20 10:00:33.249854: ReqId=2150, Code=10358, Msg=Fundamentals data is not allowed.
2026-03-20 10:10:01.797163: ReqId=2155, Code=10358, Msg=Fundamentals data is not allowed.
2026-03-20 10:10:12.421614: ReqId=2160, Code=10358, Msg=Fundamentals data is not allowed.
2026-03-20 10:10:22.792952: ReqId=2165, Code=10358, Msg=Fundamentals data is not allowed.
2026-03-20 10:10:33.130587: ReqId=2170, Code=10358, Msg=Fundamentals data is not allowed.
2026-03-20 10:20:00.866988: ReqId=2175, Code=10358, Msg=Fundamentals data is not allowed.
2026-03-20 10:20:11.385336: ReqId=2180, Code=10358, Msg=Fundamentals data is not allowed.
2026-03-20 10:20:21.605581: ReqId=2185, Code=10358, Msg=Fundamentals data is not allowed.
2026-03-20 10:20:32.016813: ReqId=2190, Code=10358, Msg=Fundamentals data is not allowed.
2026-03-20 10:30:02.432545: ReqId=2195, Code=10358, Msg=Fundamentals data is not allowed.
2026-03-20 10:30:13.176549: ReqId=2200, Code=10358, Msg=Fundamentals data is not allowed.
2026-03-20 10:40:01.291059: ReqId=2205, Code=10358, Msg=Fundamentals data is not allowed.
2026-03-20 10:40:11.803671: ReqId=2210, Code=10358, Msg=Fundamentals data is not allowed.
2026-03-20 10:40:22.004242: ReqId=2215, Code=10358, Msg=Fundamentals data is not allowed.
2026-03-20 10:46:45.012572: ReqId=-1, Code=2104, Msg=Market data farm connection is OK:usfarm.nj
2026-03-20 10:46:45.013573: ReqId=-1, Code=2104, Msg=Market data farm connection is OK:usopt.nj
2026-03-20 10:46:45.013573: ReqId=-1, Code=2104, Msg=Market data farm connection is OK:cashfarm
2026-03-20 10:46:45.014573: ReqId=-1, Code=2104, Msg=Market data farm connection is OK:usfarm
2026-03-20 10:46:45.014573: ReqId=-1, Code=2106, Msg=HMDS data farm connection is OK:euhmds
2026-03-20 10:46:45.014573: ReqId=-1, Code=2106, Msg=HMDS data farm connection is OK:fundfarm
2026-03-20 10:46:45.014573: ReqId=-1, Code=2106, Msg=HMDS data farm connection is OK:ushmds
2026-03-20 10:46:45.015572: ReqId=-1, Code=2158, Msg=Sec-def data farm connection is OK:secdefnj
2026-03-20 10:46:47.956836: ReqId=2000, Code=10358, Msg=Fundamentals data is not allowed.
2026-03-20 10:46:57.969982: ReqId=2002, Code=10358, Msg=Fundamentals data is not allowed.
2026-03-20 10:47:08.086057: ReqId=2004, Code=10358, Msg=Fundamentals data is not allowed.
2026-03-20 10:47:18.193418: ReqId=2006, Code=10358, Msg=Fundamentals data is not allowed.
2026-03-20 10:47:28.404303: ReqId=2008, Code=10358, Msg=Fundamentals data is not allowed.
2026-03-20 10:47:38.508098: ReqId=2010, Code=10358, Msg=Fundamentals data is not allowed.
2026-03-20 10:47:48.724388: ReqId=2012, Code=10358, Msg=Fundamentals data is not allowed.
2026-03-20 10:47:58.839818: ReqId=2014, Code=10358, Msg=Fundamentals data is not allowed.
2026-03-20 10:48:08.952745: ReqId=2016, Code=10358, Msg=Fundamentals data is not allowed.
2026-03-20 10:48:19.062933: ReqId=2018, Code=10358, Msg=Fundamentals data is not allowed.
2026-03-20 10:48:29.277659: ReqId=2020, Code=10358, Msg=Fundamentals data is not allowed.
2026-03-20 10:48:39.379969: ReqId=2022, Code=10358, Msg=Fundamentals data is not allowed.
2026-03-20 10:48:49.484281: ReqId=2024, Code=10358, Msg=Fundamentals data is not allowed.
2026-03-20 10:48:59.592610: ReqId=2026, Code=10358, Msg=Fundamentals data is not allowed.
2026-03-20 10:49:09.708925: ReqId=2028, Code=10358, Msg=Fundamentals data is not allowed.
2026-03-20 10:49:19.824863: ReqId=2030, Code=10358, Msg=Fundamentals data is not allowed.
2026-03-20 10:49:29.939333: ReqId=2032, Code=10358, Msg=Fundamentals data is not allowed.
2026-03-20 10:49:40.041434: ReqId=2034, Code=10358, Msg=Fundamentals data is not allowed.
2026-03-20 10:49:50.153965: ReqId=2036, Code=10358, Msg=Fundamentals data is not allowed.
2026-03-20 10:50:00.265049: ReqId=2038, Code=10358, Msg=Fundamentals data is not allowed.
2026-03-20 11:00:04.865864: ReqId=2100, Code=10358, Msg=Fundamentals data is not allowed.
2026-03-20 11:00:15.374000: ReqId=2105, Code=10358, Msg=Fundamentals data is not allowed.
2026-03-20 11:00:25.694955: ReqId=2110, Code=10358, Msg=Fundamentals data is not allowed.
2026-03-20 11:04:23.215386: ReqId=-1, Code=2104, Msg=Market data farm connection is OK:usfarm.nj
2026-03-20 11:04:23.215386: ReqId=-1, Code=2104, Msg=Market data farm connection is OK:usopt.nj
2026-03-20 11:04:23.216385: ReqId=-1, Code=2104, Msg=Market data farm connection is OK:cashfarm
2026-03-20 11:04:23.217385: ReqId=-1, Code=2104, Msg=Market data farm connection is OK:usfarm
2026-03-20 11:04:23.217385: ReqId=-1, Code=2106, Msg=HMDS data farm connection is OK:euhmds
2026-03-20 11:04:23.217385: ReqId=-1, Code=2106, Msg=HMDS data farm connection is OK:fundfarm
2026-03-20 11:04:23.217385: ReqId=-1, Code=2106, Msg=HMDS data farm connection is OK:ushmds
2026-03-20 11:04:23.218386: ReqId=-1, Code=2158, Msg=Sec-def data farm connection is OK:secdefnj
2026-03-20 11:04:25.946574: ReqId=2000, Code=10358, Msg=Fundamentals data is not allowed.
2026-03-20 11:04:36.053444: ReqId=2002, Code=10358, Msg=Fundamentals data is not allowed.
2026-03-20 11:04:46.168434: ReqId=2004, Code=10358, Msg=Fundamentals data is not allowed.
2026-03-20 11:04:56.273544: ReqId=2006, Code=10358, Msg=Fundamentals data is not allowed.
2026-03-20 11:05:06.381718: ReqId=2008, Code=10358, Msg=Fundamentals data is not allowed.
2026-03-20 11:05:16.488237: ReqId=2010, Code=10358, Msg=Fundamentals data is not allowed.
2026-03-20 11:05:26.600435: ReqId=2012, Code=10358, Msg=Fundamentals data is not allowed.
2026-03-20 11:05:36.717620: ReqId=2014, Code=10358, Msg=Fundamentals data is not allowed.
2026-03-20 11:05:46.826647: ReqId=2016, Code=10358, Msg=Fundamentals data is not allowed.
2026-03-20 11:05:56.937524: ReqId=2018, Code=10358, Msg=Fundamentals data is not allowed.
2026-03-20 11:06:07.153751: ReqId=2020, Code=10358, Msg=Fundamentals data is not allowed.
2026-03-20 11:06:17.265239: ReqId=2022, Code=10358, Msg=Fundamentals data is not allowed.
2026-03-20 11:06:27.376144: ReqId=2024, Code=10358, Msg=Fundamentals data is not allowed.
2026-03-20 11:06:37.490410: ReqId=2026, Code=10358, Msg=Fundamentals data is not allowed.
2026-03-20 11:06:47.602397: ReqId=2028, Code=10358, Msg=Fundamentals data is not allowed.
2026-03-20 11:06:57.706955: ReqId=2030, Code=10358, Msg=Fundamentals data is not allowed.
2026-03-20 11:07:07.818461: ReqId=2032, Code=10358, Msg=Fundamentals data is not allowed.
2026-03-20 11:07:17.931129: ReqId=2034, Code=10358, Msg=Fundamentals data is not allowed.
2026-03-20 11:07:28.136981: ReqId=2036, Code=10358, Msg=Fundamentals data is not allowed.
2026-03-20 11:07:38.254658: ReqId=2038, Code=10358, Msg=Fundamentals data is not allowed.
2026-03-20 11:10:00.983197: ReqId=2100, Code=10358, Msg=Fundamentals data is not allowed.
2026-03-20 11:10:11.486510: ReqId=2105, Code=10358, Msg=Fundamentals data is not allowed.
2026-03-20 11:20:01.746987: ReqId=2110, Code=10358, Msg=Fundamentals data is not allowed.
2026-03-20 11:20:12.250338: ReqId=2115, Code=10358, Msg=Fundamentals data is not allowed.
2026-03-20 11:30:01.433069: ReqId=2120, Code=10358, Msg=Fundamentals data is not allowed.
2026-03-20 11:40:01.801608: ReqId=2125, Code=10358, Msg=Fundamentals data is not allowed.
2026-03-20 11:40:14.564013: ReqId=2130, Code=10358, Msg=Fundamentals data is not allowed.
2026-03-20 11:50:00.808150: ReqId=2135, Code=10358, Msg=Fundamentals data is not allowed.
2026-03-20 12:00:01.463476: ReqId=2140, Code=10358, Msg=Fundamentals data is not allowed.
2026-03-20 12:00:11.868094: ReqId=2145, Code=10358, Msg=Fundamentals data is not allowed.
2026-03-20 12:10:01.548432: ReqId=2150, Code=10358, Msg=Fundamentals data is not allowed.
2026-03-20 12:10:12.052362: ReqId=2155, Code=10358, Msg=Fundamentals data is not allowed.
2026-03-20 12:20:01.305176: ReqId=2160, Code=10358, Msg=Fundamentals data is not allowed.
2026-03-20 12:20:11.817803: ReqId=2165, Code=10358, Msg=Fundamentals data is not allowed.
2026-03-20 12:20:22.020685: ReqId=2170, Code=10358, Msg=Fundamentals data is not allowed.
2026-03-20 12:30:00.745114: ReqId=2175, Code=10358, Msg=Fundamentals data is not allowed.
2026-03-20 12:48:46.315602: ReqId=-1, Code=2104, Msg=Market data farm connection is OK:usfarm.nj
2026-03-20 12:48:46.315602: ReqId=-1, Code=2104, Msg=Market data farm connection is OK:usopt.nj
2026-03-20 12:48:46.316598: ReqId=-1, Code=2104, Msg=Market data farm connection is OK:cashfarm
2026-03-20 12:48:46.316598: ReqId=-1, Code=2104, Msg=Market data farm connection is OK:usfarm
2026-03-20 12:48:46.316598: ReqId=-1, Code=2106, Msg=HMDS data farm connection is OK:euhmds
2026-03-20 12:48:46.316598: ReqId=-1, Code=2106, Msg=HMDS data farm connection is OK:fundfarm
2026-03-20 12:48:46.318107: ReqId=-1, Code=2106, Msg=HMDS data farm connection is OK:ushmds
2026-03-20 12:48:46.318107: ReqId=-1, Code=2158, Msg=Sec-def data farm connection is OK:secdefnj
2026-03-20 12:49:11.144567: ReqId=-1, Code=2104, Msg=Market data farm connection is OK:usfarm.nj
2026-03-20 12:49:11.145566: ReqId=-1, Code=2104, Msg=Market data farm connection is OK:usopt.nj
2026-03-20 12:49:11.145566: ReqId=-1, Code=2104, Msg=Market data farm connection is OK:cashfarm
2026-03-20 12:49:11.147564: ReqId=-1, Code=2104, Msg=Market data farm connection is OK:usfarm
2026-03-20 12:49:11.147564: ReqId=-1, Code=2106, Msg=HMDS data farm connection is OK:euhmds
2026-03-20 12:49:11.148571: ReqId=-1, Code=2106, Msg=HMDS data farm connection is OK:fundfarm
2026-03-20 12:49:11.149565: ReqId=-1, Code=2106, Msg=HMDS data farm connection is OK:ushmds
2026-03-20 12:49:11.149565: ReqId=-1, Code=2158, Msg=Sec-def data farm connection is OK:secdefnj
2026-03-20 12:49:37.995946: ReqId=-1, Code=2104, Msg=Market data farm connection is OK:usfarm.nj
2026-03-20 12:49:37.996944: ReqId=-1, Code=2104, Msg=Market data farm connection is OK:usopt.nj
2026-03-20 12:49:37.997944: ReqId=-1, Code=2104, Msg=Market data farm connection is OK:cashfarm
2026-03-20 12:49:37.997944: ReqId=-1, Code=2104, Msg=Market data farm connection is OK:usfarm
2026-03-20 12:49:37.997944: ReqId=-1, Code=2106, Msg=HMDS data farm connection is OK:euhmds
2026-03-20 12:49:37.997944: ReqId=-1, Code=2106, Msg=HMDS data farm connection is OK:fundfarm
2026-03-20 12:49:37.997944: ReqId=-1, Code=2106, Msg=HMDS data farm connection is OK:ushmds
2026-03-20 12:49:37.998944: ReqId=-1, Code=2158, Msg=Sec-def data farm connection is OK:secdefnj
2026-03-20 12:50:38.965879: ReqId=-1, Code=2104, Msg=Market data farm connection is OK:usfarm.nj
2026-03-20 12:50:38.966878: ReqId=-1, Code=2104, Msg=Market data farm connection is OK:usopt.nj
2026-03-20 12:50:38.966878: ReqId=-1, Code=2104, Msg=Market data farm connection is OK:cashfarm
2026-03-20 12:50:38.966878: ReqId=-1, Code=2104, Msg=Market data farm connection is OK:usfarm
2026-03-20 12:50:38.966878: ReqId=-1, Code=2106, Msg=HMDS data farm connection is OK:euhmds
2026-03-20 12:50:38.967878: ReqId=-1, Code=2106, Msg=HMDS data farm connection is OK:fundfarm
2026-03-20 12:50:38.967878: ReqId=-1, Code=2106, Msg=HMDS data farm connection is OK:ushmds
2026-03-20 12:50:38.967878: ReqId=-1, Code=2158, Msg=Sec-def data farm connection is OK:secdefnj
2026-03-20 12:50:41.785655: ReqId=2000, Code=10358, Msg=Fundamentals data is not allowed.
2026-03-20 12:50:52.001443: ReqId=2002, Code=10358, Msg=Fundamentals data is not allowed.
2026-03-20 12:51:02.115414: ReqId=2004, Code=10358, Msg=Fundamentals data is not allowed.
2026-03-20 12:51:12.227695: ReqId=2006, Code=10358, Msg=Fundamentals data is not allowed.
2026-03-20 12:51:22.328296: ReqId=2008, Code=10358, Msg=Fundamentals data is not allowed.
2026-03-20 12:51:32.434569: ReqId=2010, Code=10358, Msg=Fundamentals data is not allowed.
2026-03-20 12:51:42.542828: ReqId=2012, Code=10358, Msg=Fundamentals data is not allowed.
2026-03-20 12:51:52.657383: ReqId=2014, Code=10358, Msg=Fundamentals data is not allowed.
2026-03-20 12:52:02.772421: ReqId=2016, Code=10358, Msg=Fundamentals data is not allowed.
2026-03-20 12:52:12.881259: ReqId=2018, Code=10358, Msg=Fundamentals data is not allowed.
2026-03-20 12:52:22.983635: ReqId=2020, Code=10358, Msg=Fundamentals data is not allowed.
2026-03-20 12:52:33.088987: ReqId=2022, Code=10358, Msg=Fundamentals data is not allowed.
2026-03-20 12:52:43.201411: ReqId=2024, Code=10358, Msg=Fundamentals data is not allowed.
2026-03-20 12:52:53.305668: ReqId=2026, Code=10358, Msg=Fundamentals data is not allowed.
2026-03-20 12:53:03.421609: ReqId=2028, Code=10358, Msg=Fundamentals data is not allowed.
2026-03-20 12:53:13.528523: ReqId=2030, Code=10358, Msg=Fundamentals data is not allowed.
2026-03-20 12:53:23.628993: ReqId=2032, Code=10358, Msg=Fundamentals data is not allowed.
2026-03-20 12:53:33.845468: ReqId=2034, Code=10358, Msg=Fundamentals data is not allowed.
2026-03-20 12:53:43.955207: ReqId=2036, Code=10358, Msg=Fundamentals data is not allowed.
2026-03-20 12:53:54.061075: ReqId=2038, Code=10358, Msg=Fundamentals data is not allowed.
2026-03-20 13:00:00.828389: ReqId=2100, Code=10358, Msg=Fundamentals data is not allowed.
2026-03-20 13:00:11.416803: ReqId=2105, Code=10358, Msg=Fundamentals data is not allowed.
2026-03-20 13:00:21.636279: ReqId=2110, Code=10358, Msg=Fundamentals data is not allowed.
2026-03-20 13:00:31.949200: ReqId=2115, Code=10358, Msg=Fundamentals data is not allowed.
2026-03-20 13:10:01.284634: ReqId=2120, Code=10358, Msg=Fundamentals data is not allowed.
2026-03-20 13:10:11.603490: ReqId=2125, Code=10358, Msg=Fundamentals data is not allowed.
2026-03-20 13:13:27.747818: ReqId=-1, Code=2104, Msg=Market data farm connection is OK:usfarm.nj
2026-03-20 13:13:27.748819: ReqId=-1, Code=2104, Msg=Market data farm connection is OK:usopt.nj
2026-03-20 13:13:27.748819: ReqId=-1, Code=2104, Msg=Market data farm connection is OK:cashfarm
2026-03-20 13:13:27.748819: ReqId=-1, Code=2104, Msg=Market data farm connection is OK:usfarm
2026-03-20 13:13:27.748819: ReqId=-1, Code=2106, Msg=HMDS data farm connection is OK:euhmds
2026-03-20 13:13:27.749818: ReqId=-1, Code=2106, Msg=HMDS data farm connection is OK:fundfarm
2026-03-20 13:13:27.749818: ReqId=-1, Code=2106, Msg=HMDS data farm connection is OK:ushmds
2026-03-20 13:13:27.749818: ReqId=-1, Code=2158, Msg=Sec-def data farm connection is OK:secdefnj
2026-03-20 13:13:30.475745: ReqId=2000, Code=10358, Msg=Fundamentals data is not allowed.
2026-03-20 13:14:54.852279: ReqId=-1, Code=2104, Msg=Market data farm connection is OK:usfarm.nj
2026-03-20 13:14:54.853277: ReqId=-1, Code=2104, Msg=Market data farm connection is OK:usopt.nj
2026-03-20 13:14:54.854279: ReqId=-1, Code=2104, Msg=Market data farm connection is OK:cashfarm
2026-03-20 13:14:54.854279: ReqId=-1, Code=2104, Msg=Market data farm connection is OK:usfarm
2026-03-20 13:14:54.854279: ReqId=-1, Code=2106, Msg=HMDS data farm connection is OK:euhmds
2026-03-20 13:14:54.854279: ReqId=-1, Code=2106, Msg=HMDS data farm connection is OK:fundfarm
2026-03-20 13:14:54.855279: ReqId=-1, Code=2106, Msg=HMDS data farm connection is OK:ushmds
2026-03-20 13:14:54.855279: ReqId=-1, Code=2158, Msg=Sec-def data farm connection is OK:secdefnj
2026-03-20 13:14:57.467548: ReqId=2000, Code=10358, Msg=Fundamentals data is not allowed.
2026-03-20 13:14:57.572679: ReqId=2002, Code=10358, Msg=Fundamentals data is not allowed.
2026-03-20 13:14:57.680736: ReqId=2004, Code=10358, Msg=Fundamentals data is not allowed.
2026-03-20 13:14:57.787638: ReqId=2006, Code=10358, Msg=Fundamentals data is not allowed.
2026-03-20 13:14:57.891695: ReqId=2008, Code=10358, Msg=Fundamentals data is not allowed.
2026-03-20 13:14:58.000350: ReqId=2010, Code=10358, Msg=Fundamentals data is not allowed.
2026-03-20 13:14:58.105527: ReqId=2012, Code=10358, Msg=Fundamentals data is not allowed.
2026-03-20 13:14:58.211350: ReqId=2014, Code=10358, Msg=Fundamentals data is not allowed.
2026-03-20 13:14:58.316892: ReqId=2016, Code=10358, Msg=Fundamentals data is not allowed.
2026-03-20 13:14:58.421946: ReqId=2018, Code=10358, Msg=Fundamentals data is not allowed.
2026-03-20 13:14:58.525482: ReqId=2020, Code=10358, Msg=Fundamentals data is not allowed.
2026-03-20 13:14:58.630779: ReqId=2022, Code=10358, Msg=Fundamentals data is not allowed.
2026-03-20 13:14:58.736500: ReqId=2024, Code=10358, Msg=Fundamentals data is not allowed.
2026-03-20 13:14:58.841169: ReqId=2026, Code=10358, Msg=Fundamentals data is not allowed.
2026-03-20 13:14:59.046183: ReqId=2028, Code=10358, Msg=Fundamentals data is not allowed.
2026-03-20 13:14:59.150251: ReqId=2030, Code=10358, Msg=Fundamentals data is not allowed.
2026-03-20 13:14:59.256383: ReqId=2032, Code=10358, Msg=Fundamentals data is not allowed.
2026-03-20 13:14:59.359478: ReqId=2034, Code=10358, Msg=Fundamentals data is not allowed.
2026-03-20 13:14:59.463567: ReqId=2036, Code=10358, Msg=Fundamentals data is not allowed.
2026-03-20 13:14:59.569338: ReqId=2038, Code=10358, Msg=Fundamentals data is not allowed.
2026-03-20 13:20:01.508042: ReqId=2140, Code=10358, Msg=Fundamentals data is not allowed.
2026-03-20 13:20:02.106896: ReqId=2147, Code=10358, Msg=Fundamentals data is not allowed.
2026-03-20 13:22:32.147276: ReqId=-1, Code=2104, Msg=Market data farm connection is OK:usfarm.nj
2026-03-20 13:22:32.148280: ReqId=-1, Code=2104, Msg=Market data farm connection is OK:usopt.nj
2026-03-20 13:22:32.148280: ReqId=-1, Code=2104, Msg=Market data farm connection is OK:cashfarm
2026-03-20 13:22:32.148280: ReqId=-1, Code=2104, Msg=Market data farm connection is OK:usfarm
2026-03-20 13:22:32.149280: ReqId=-1, Code=2106, Msg=HMDS data farm connection is OK:euhmds
2026-03-20 13:22:32.149280: ReqId=-1, Code=2106, Msg=HMDS data farm connection is OK:fundfarm
2026-03-20 13:22:32.149280: ReqId=-1, Code=2106, Msg=HMDS data farm connection is OK:ushmds
2026-03-20 13:22:32.149280: ReqId=-1, Code=2158, Msg=Sec-def data farm connection is OK:secdefnj
2026-03-20 13:22:34.788083: ReqId=2000, Code=10358, Msg=Fundamentals data is not allowed.
2026-03-20 13:22:34.991685: ReqId=2002, Code=10358, Msg=Fundamentals data is not allowed.
2026-03-20 13:22:35.096744: ReqId=2004, Code=10358, Msg=Fundamentals data is not allowed.
2026-03-20 13:22:35.200318: ReqId=2006, Code=10358, Msg=Fundamentals data is not allowed.
2026-03-20 13:22:35.305389: ReqId=2008, Code=10358, Msg=Fundamentals data is not allowed.
2026-03-20 13:22:35.408462: ReqId=2010, Code=10358, Msg=Fundamentals data is not allowed.
2026-03-20 13:22:35.512410: ReqId=2012, Code=10358, Msg=Fundamentals data is not allowed.
2026-03-20 13:22:35.616469: ReqId=2014, Code=10358, Msg=Fundamentals data is not allowed.
2026-03-20 13:22:35.724100: ReqId=2016, Code=10358, Msg=Fundamentals data is not allowed.
2026-03-20 13:22:35.829676: ReqId=2018, Code=10358, Msg=Fundamentals data is not allowed.
2026-03-20 13:22:35.933737: ReqId=2020, Code=10358, Msg=Fundamentals data is not allowed.
2026-03-20 13:22:36.037797: ReqId=2022, Code=10358, Msg=Fundamentals data is not allowed.
2026-03-20 13:22:36.140829: ReqId=2024, Code=10358, Msg=Fundamentals data is not allowed.
2026-03-20 13:22:36.244382: ReqId=2026, Code=10358, Msg=Fundamentals data is not allowed.
2026-03-20 13:22:36.347477: ReqId=2028, Code=10358, Msg=Fundamentals data is not allowed.
2026-03-20 13:22:36.451520: ReqId=2030, Code=10358, Msg=Fundamentals data is not allowed.
2026-03-20 13:22:36.554660: ReqId=2032, Code=10358, Msg=Fundamentals data is not allowed.
2026-03-20 13:22:36.657714: ReqId=2034, Code=10358, Msg=Fundamentals data is not allowed.
2026-03-20 13:22:36.764289: ReqId=2036, Code=10358, Msg=Fundamentals data is not allowed.
2026-03-20 13:22:36.868982: ReqId=2038, Code=10358, Msg=Fundamentals data is not allowed.
2026-03-20 13:23:18.193065: ReqId=-1, Code=2104, Msg=Market data farm connection is OK:usfarm.nj
2026-03-20 13:23:18.193065: ReqId=-1, Code=2104, Msg=Market data farm connection is OK:usopt.nj
2026-03-20 13:23:18.194065: ReqId=-1, Code=2104, Msg=Market data farm connection is OK:cashfarm
2026-03-20 13:23:18.195064: ReqId=-1, Code=2104, Msg=Market data farm connection is OK:usfarm
2026-03-20 13:23:18.195064: ReqId=-1, Code=2106, Msg=HMDS data farm connection is OK:euhmds
2026-03-20 13:23:18.195064: ReqId=-1, Code=2106, Msg=HMDS data farm connection is OK:fundfarm
2026-03-20 13:23:18.196065: ReqId=-1, Code=2106, Msg=HMDS data farm connection is OK:ushmds
2026-03-20 13:23:18.196065: ReqId=-1, Code=2158, Msg=Sec-def data farm connection is OK:secdefnj
2026-03-20 13:23:20.814615: ReqId=2000, Code=10358, Msg=Fundamentals data is not allowed.
2026-03-20 13:23:20.921572: ReqId=2002, Code=10358, Msg=Fundamentals data is not allowed.
2026-03-20 13:23:21.024510: ReqId=2004, Code=10358, Msg=Fundamentals data is not allowed.
2026-03-20 13:23:21.131665: ReqId=2006, Code=10358, Msg=Fundamentals data is not allowed.
2026-03-20 13:23:21.234982: ReqId=2008, Code=10358, Msg=Fundamentals data is not allowed.
2026-03-20 13:23:21.338035: ReqId=2010, Code=10358, Msg=Fundamentals data is not allowed.
2026-03-20 13:23:21.441333: ReqId=2012, Code=10358, Msg=Fundamentals data is not allowed.
2026-03-20 13:23:21.544378: ReqId=2014, Code=10358, Msg=Fundamentals data is not allowed.
2026-03-20 13:23:21.748471: ReqId=2016, Code=10358, Msg=Fundamentals data is not allowed.
2026-03-20 13:23:21.853917: ReqId=2018, Code=10358, Msg=Fundamentals data is not allowed.
2026-03-20 13:23:21.960177: ReqId=2020, Code=10358, Msg=Fundamentals data is not allowed.
2026-03-20 13:23:22.063562: ReqId=2022, Code=10358, Msg=Fundamentals data is not allowed.
2026-03-20 13:23:22.167352: ReqId=2024, Code=10358, Msg=Fundamentals data is not allowed.
2026-03-20 13:23:22.276674: ReqId=2026, Code=10358, Msg=Fundamentals data is not allowed.
2026-03-20 13:23:22.480823: ReqId=2028, Code=10358, Msg=Fundamentals data is not allowed.
2026-03-20 13:23:22.587878: ReqId=2030, Code=10358, Msg=Fundamentals data is not allowed.
2026-03-20 13:23:22.691618: ReqId=2032, Code=10358, Msg=Fundamentals data is not allowed.
2026-03-20 13:23:22.796534: ReqId=2034, Code=10358, Msg=Fundamentals data is not allowed.
2026-03-20 13:23:22.899570: ReqId=2036, Code=10358, Msg=Fundamentals data is not allowed.
2026-03-20 13:23:23.004137: ReqId=2038, Code=10358, Msg=Fundamentals data is not allowed.
2026-03-20 13:24:19.441169: ReqId=-1, Code=2104, Msg=Market data farm connection is OK:usfarm.nj
2026-03-20 13:24:19.442169: ReqId=-1, Code=2104, Msg=Market data farm connection is OK:usopt.nj
2026-03-20 13:24:19.442169: ReqId=-1, Code=2104, Msg=Market data farm connection is OK:cashfarm
2026-03-20 13:24:19.443167: ReqId=-1, Code=2104, Msg=Market data farm connection is OK:usfarm
2026-03-20 13:24:19.443167: ReqId=-1, Code=2106, Msg=HMDS data farm connection is OK:euhmds
2026-03-20 13:24:19.444168: ReqId=-1, Code=2106, Msg=HMDS data farm connection is OK:fundfarm
2026-03-20 13:24:19.444168: ReqId=-1, Code=2106, Msg=HMDS data farm connection is OK:ushmds
2026-03-20 13:24:19.444168: ReqId=-1, Code=2158, Msg=Sec-def data farm connection is OK:secdefnj
2026-03-20 13:24:22.263306: ReqId=2000, Code=10358, Msg=Fundamentals data is not allowed.
2026-03-20 13:24:22.368393: ReqId=2002, Code=10358, Msg=Fundamentals data is not allowed.
2026-03-20 13:24:22.471528: ReqId=2004, Code=10358, Msg=Fundamentals data is not allowed.
2026-03-20 13:24:22.576644: ReqId=2006, Code=10358, Msg=Fundamentals data is not allowed.
2026-03-20 13:24:22.681727: ReqId=2008, Code=10358, Msg=Fundamentals data is not allowed.
2026-03-20 13:24:22.785791: ReqId=2010, Code=10358, Msg=Fundamentals data is not allowed.
2026-03-20 13:24:22.889612: ReqId=2012, Code=10358, Msg=Fundamentals data is not allowed.
2026-03-20 13:24:22.994696: ReqId=2014, Code=10358, Msg=Fundamentals data is not allowed.
2026-03-20 13:24:23.108475: ReqId=2016, Code=10358, Msg=Fundamentals data is not allowed.
2026-03-20 13:24:23.213012: ReqId=2018, Code=10358, Msg=Fundamentals data is not allowed.
2026-03-20 13:24:23.317826: ReqId=2020, Code=10358, Msg=Fundamentals data is not allowed.
2026-03-20 13:24:23.421054: ReqId=2022, Code=10358, Msg=Fundamentals data is not allowed.
2026-03-20 13:24:23.526811: ReqId=2024, Code=10358, Msg=Fundamentals data is not allowed.
2026-03-20 13:24:23.730526: ReqId=2026, Code=10358, Msg=Fundamentals data is not allowed.
2026-03-20 13:24:23.834097: ReqId=2028, Code=10358, Msg=Fundamentals data is not allowed.
2026-03-20 13:24:23.937608: ReqId=2030, Code=10358, Msg=Fundamentals data is not allowed.
2026-03-20 13:24:24.045009: ReqId=2032, Code=10358, Msg=Fundamentals data is not allowed.
2026-03-20 13:24:24.151187: ReqId=2034, Code=10358, Msg=Fundamentals data is not allowed.
2026-03-20 13:24:24.254755: ReqId=2036, Code=10358, Msg=Fundamentals data is not allowed.
2026-03-20 13:24:24.358593: ReqId=2038, Code=10358, Msg=Fundamentals data is not allowed.
2026-03-20 13:30:02.228905: ReqId=-1, Code=2104, Msg=Market data farm connection is OK:usfarm.nj
2026-03-20 13:30:02.229907: ReqId=-1, Code=2104, Msg=Market data farm connection is OK:usopt.nj
2026-03-20 13:30:02.229907: ReqId=-1, Code=2104, Msg=Market data farm connection is OK:cashfarm
2026-03-20 13:30:02.229907: ReqId=-1, Code=2104, Msg=Market data farm connection is OK:usfarm
2026-03-20 13:30:02.230909: ReqId=-1, Code=2106, Msg=HMDS data farm connection is OK:euhmds
2026-03-20 13:30:02.230909: ReqId=-1, Code=2106, Msg=HMDS data farm connection is OK:fundfarm
2026-03-20 13:30:02.230909: ReqId=-1, Code=2106, Msg=HMDS data farm connection is OK:ushmds
2026-03-20 13:30:02.230909: ReqId=-1, Code=2158, Msg=Sec-def data farm connection is OK:secdefnj
2026-03-20 13:30:04.946357: ReqId=2000, Code=10358, Msg=Fundamentals data is not allowed.
2026-03-20 13:30:05.150372: ReqId=2002, Code=10358, Msg=Fundamentals data is not allowed.
2026-03-20 13:30:05.256953: ReqId=2004, Code=10358, Msg=Fundamentals data is not allowed.
2026-03-20 13:30:05.360561: ReqId=2006, Code=10358, Msg=Fundamentals data is not allowed.
2026-03-20 13:30:05.464264: ReqId=2008, Code=10358, Msg=Fundamentals data is not allowed.
2026-03-20 13:30:05.568032: ReqId=2010, Code=10358, Msg=Fundamentals data is not allowed.
2026-03-20 13:30:05.671074: ReqId=2012, Code=10358, Msg=Fundamentals data is not allowed.
2026-03-20 13:30:05.775256: ReqId=2014, Code=10358, Msg=Fundamentals data is not allowed.
2026-03-20 13:30:05.880111: ReqId=2016, Code=10358, Msg=Fundamentals data is not allowed.
2026-03-20 13:30:06.083774: ReqId=2018, Code=10358, Msg=Fundamentals data is not allowed.
2026-03-20 13:30:06.187323: ReqId=2020, Code=10358, Msg=Fundamentals data is not allowed.
2026-03-20 13:30:06.291901: ReqId=2022, Code=10358, Msg=Fundamentals data is not allowed.
2026-03-20 13:30:06.497345: ReqId=2024, Code=10358, Msg=Fundamentals data is not allowed.
2026-03-20 13:30:06.601604: ReqId=2026, Code=10358, Msg=Fundamentals data is not allowed.
2026-03-20 13:30:06.705531: ReqId=2028, Code=10358, Msg=Fundamentals data is not allowed.
2026-03-20 13:30:06.811090: ReqId=2030, Code=10358, Msg=Fundamentals data is not allowed.
2026-03-20 13:30:06.918213: ReqId=2032, Code=10358, Msg=Fundamentals data is not allowed.
2026-03-20 13:30:07.024286: ReqId=2034, Code=10358, Msg=Fundamentals data is not allowed.
2026-03-20 13:30:07.128753: ReqId=2036, Code=10358, Msg=Fundamentals data is not allowed.
2026-03-20 13:30:07.232448: ReqId=2038, Code=10358, Msg=Fundamentals data is not allowed.
2026-03-20 13:40:00.771836: ReqId=2140, Code=10358, Msg=Fundamentals data is not allowed.
2026-03-20 13:40:01.308008: ReqId=2147, Code=10358, Msg=Fundamentals data is not allowed.
2026-03-20 13:40:01.974695: ReqId=2154, Code=10358, Msg=Fundamentals data is not allowed.
2026-03-20 13:43:00.448877: ReqId=-1, Code=2104, Msg=Market data farm connection is OK:usfarm.nj
2026-03-20 13:43:00.448877: ReqId=-1, Code=2104, Msg=Market data farm connection is OK:usopt.nj
2026-03-20 13:43:00.449878: ReqId=-1, Code=2104, Msg=Market data farm connection is OK:cashfarm
2026-03-20 13:43:00.449878: ReqId=-1, Code=2104, Msg=Market data farm connection is OK:usfarm
2026-03-20 13:43:00.449878: ReqId=-1, Code=2106, Msg=HMDS data farm connection is OK:euhmds
2026-03-20 13:43:00.449878: ReqId=-1, Code=2106, Msg=HMDS data farm connection is OK:fundfarm
2026-03-20 13:43:00.450879: ReqId=-1, Code=2106, Msg=HMDS data farm connection is OK:ushmds
2026-03-20 13:43:00.450879: ReqId=-1, Code=2158, Msg=Sec-def data farm connection is OK:secdefnj
2026-03-20 13:43:03.403489: ReqId=2000, Code=10358, Msg=Fundamentals data is not allowed.
2026-03-20 13:43:03.509154: ReqId=2002, Code=10358, Msg=Fundamentals data is not allowed.
2026-03-20 13:43:03.613932: ReqId=2004, Code=10358, Msg=Fundamentals data is not allowed.
2026-03-20 13:43:03.717069: ReqId=2006, Code=10358, Msg=Fundamentals data is not allowed.
2026-03-20 13:43:03.920456: ReqId=2008, Code=10358, Msg=Fundamentals data is not allowed.
2026-03-20 13:43:04.024553: ReqId=2010, Code=10358, Msg=Fundamentals data is not allowed.
2026-03-20 13:43:04.129970: ReqId=2012, Code=10358, Msg=Fundamentals data is not allowed.
2026-03-20 13:43:04.235114: ReqId=2014, Code=10358, Msg=Fundamentals data is not allowed.
2026-03-20 13:43:04.339161: ReqId=2016, Code=10358, Msg=Fundamentals data is not allowed.
2026-03-20 13:43:04.442707: ReqId=2018, Code=10358, Msg=Fundamentals data is not allowed.
2026-03-20 13:43:04.649320: ReqId=2020, Code=10358, Msg=Fundamentals data is not allowed.
2026-03-20 13:43:04.755501: ReqId=2022, Code=10358, Msg=Fundamentals data is not allowed.
2026-03-20 13:43:04.860076: ReqId=2024, Code=10358, Msg=Fundamentals data is not allowed.
2026-03-20 13:43:04.964616: ReqId=2026, Code=10358, Msg=Fundamentals data is not allowed.
2026-03-20 13:43:05.068188: ReqId=2028, Code=10358, Msg=Fundamentals data is not allowed.
2026-03-20 13:43:05.173140: ReqId=2030, Code=10358, Msg=Fundamentals data is not allowed.
2026-03-20 13:43:05.376459: ReqId=2032, Code=10358, Msg=Fundamentals data is not allowed.
2026-03-20 13:43:05.479431: ReqId=2034, Code=10358, Msg=Fundamentals data is not allowed.
2026-03-20 13:43:05.783923: ReqId=2036, Code=10358, Msg=Fundamentals data is not allowed.
2026-03-20 13:43:05.888267: ReqId=2038, Code=10358, Msg=Fundamentals data is not allowed.
2026-03-20 13:50:01.061318: ReqId=2140, Code=10358, Msg=Fundamentals data is not allowed.
2026-03-20 13:50:10.205782: ReqId=2147, Code=10358, Msg=Fundamentals data is not allowed.
2026-03-20 14:00:01.289165: ReqId=2154, Code=10358, Msg=Fundamentals data is not allowed.
2026-03-20 14:10:01.199028: ReqId=2161, Code=10358, Msg=Fundamentals data is not allowed.
2026-03-20 14:20:01.948476: ReqId=2168, Code=10358, Msg=Fundamentals data is not allowed.
2026-03-20 14:20:02.565196: ReqId=2175, Code=10358, Msg=Fundamentals data is not allowed.
2026-03-20 14:50:01.733956: ReqId=2182, Code=10358, Msg=Fundamentals data is not allowed.
2026-03-20 14:50:02.545494: ReqId=2189, Code=10358, Msg=Fundamentals data is not allowed.
2026-03-20 15:10:01.034991: ReqId=2196, Code=10358, Msg=Fundamentals data is not allowed.
2026-03-20 15:30:01.964159: ReqId=2203, Code=10358, Msg=Fundamentals data is not allowed.
2026-03-20 15:30:02.728134: ReqId=2210, Code=10358, Msg=Fundamentals data is not allowed.
2026-03-20 15:50:01.206113: ReqId=2217, Code=10358, Msg=Fundamentals data is not allowed.
2026-03-20 15:50:02.493181: ReqId=2224, Code=10358, Msg=Fundamentals data is not allowed.
2026-03-20 16:00:02.411998: ReqId=2231, Code=10358, Msg=Fundamentals data is not allowed.
2026-03-20 16:00:03.115418: ReqId=2238, Code=10358, Msg=Fundamentals data is not allowed.
2026-03-20 16:00:03.162949: ReqId=2237, Code=162, Msg=Historical Market Data Service error message:HMDS query returned no data: HSPTU@SMART Trades
2026-03-20 17:04:04.893642: ReqId=-1, Code=2103, Msg=Market data farm connection is broken:cashfarm
2026-03-20 17:04:05.870829: ReqId=-1, Code=2104, Msg=Market data farm connection is OK:cashfarm
2026-03-20 17:09:04.307105: ReqId=-1, Code=2103, Msg=Market data farm connection is broken:cashfarm
2026-03-20 17:09:05.174519: ReqId=-1, Code=2104, Msg=Market data farm connection is OK:cashfarm
2026-03-20 20:00:11.816628: ReqId=-1, Code=504, Msg=Not connected
2026-03-20 20:00:21.830658: ReqId=2246, Code=504, Msg=Not connected
2026-03-20 20:00:52.432848: ReqId=-1, Code=504, Msg=Not connected
2026-03-20 20:01:02.446062: ReqId=2248, Code=504, Msg=Not connected
2026-03-20 20:01:33.055632: ReqId=-1, Code=504, Msg=Not connected
2026-03-20 20:01:33.060632: ReqId=2250, Code=504, Msg=Not connected
2026-03-20 20:01:33.061631: ReqId=2249, Code=504, Msg=Not connected
2026-03-20 20:01:33.068138: ReqId=-1, Code=504, Msg=Not connected
2026-03-20 20:01:43.077947: ReqId=2252, Code=504, Msg=Not connected
2026-03-20 20:02:13.738917: ReqId=-1, Code=504, Msg=Not connected
2026-03-20 20:02:23.755314: ReqId=2254, Code=504, Msg=Not connected
2026-03-20 20:02:54.438469: ReqId=-1, Code=504, Msg=Not connected
2026-03-20 20:02:54.445687: ReqId=2256, Code=504, Msg=Not connected
2026-03-20 20:02:54.450685: ReqId=2255, Code=504, Msg=Not connected
2026-03-20 20:02:54.470687: ReqId=-1, Code=504, Msg=Not connected
2026-03-20 20:03:04.483566: ReqId=2258, Code=504, Msg=Not connected
2026-03-20 20:03:35.075294: ReqId=-1, Code=504, Msg=Not connected
2026-03-20 20:03:45.087549: ReqId=2260, Code=504, Msg=Not connected
2026-03-20 20:04:15.585411: ReqId=-1, Code=504, Msg=Not connected
2026-03-20 20:04:15.586410: ReqId=2262, Code=504, Msg=Not connected
2026-03-20 20:04:15.587409: ReqId=2261, Code=504, Msg=Not connected
2026-03-20 20:04:15.588409: ReqId=-1, Code=504, Msg=Not connected
2026-03-20 20:04:25.611028: ReqId=2264, Code=504, Msg=Not connected
2026-03-20 20:04:56.111840: ReqId=-1, Code=504, Msg=Not connected
2026-03-20 20:05:06.128336: ReqId=2266, Code=504, Msg=Not connected
2026-03-20 20:05:36.604370: ReqId=-1, Code=504, Msg=Not connected
2026-03-20 20:05:36.606371: ReqId=2268, Code=504, Msg=Not connected
2026-03-20 20:05:36.607371: ReqId=2267, Code=504, Msg=Not connected
2026-03-20 20:05:36.608874: ReqId=-1, Code=504, Msg=Not connected
2026-03-20 20:05:46.615487: ReqId=2270, Code=504, Msg=Not connected
2026-03-20 20:06:17.075487: ReqId=-1, Code=504, Msg=Not connected
2026-03-20 20:06:27.100397: ReqId=2272, Code=504, Msg=Not connected
2026-03-20 20:06:57.621895: ReqId=-1, Code=504, Msg=Not connected
2026-03-20 20:06:57.622895: ReqId=2274, Code=504, Msg=Not connected
2026-03-20 20:06:57.623895: ReqId=2273, Code=504, Msg=Not connected
2026-03-20 20:06:57.625896: ReqId=-1, Code=504, Msg=Not connected
2026-03-20 20:07:07.645535: ReqId=2276, Code=504, Msg=Not connected
2026-03-20 20:07:38.161527: ReqId=-1, Code=504, Msg=Not connected
2026-03-20 20:07:48.163264: ReqId=2278, Code=504, Msg=Not connected
2026-03-20 20:08:18.648298: ReqId=-1, Code=504, Msg=Not connected
2026-03-20 20:08:18.649298: ReqId=2280, Code=504, Msg=Not connected
2026-03-20 20:08:18.650297: ReqId=2279, Code=504, Msg=Not connected
2026-03-20 20:08:18.653298: ReqId=-1, Code=504, Msg=Not connected
2026-03-20 20:08:28.659237: ReqId=2282, Code=504, Msg=Not connected
2026-03-20 20:08:59.138405: ReqId=-1, Code=504, Msg=Not connected
2026-03-20 20:09:09.161687: ReqId=2284, Code=504, Msg=Not connected
2026-03-20 20:09:39.672496: ReqId=-1, Code=504, Msg=Not connected
2026-03-20 20:09:39.689496: ReqId=2286, Code=504, Msg=Not connected
2026-03-20 20:09:39.696497: ReqId=2285, Code=504, Msg=Not connected
2026-03-20 20:09:39.697496: ReqId=-1, Code=504, Msg=Not connected
2026-03-20 20:09:49.712932: ReqId=2288, Code=504, Msg=Not connected
2026-03-20 20:10:20.171744: ReqId=-1, Code=504, Msg=Not connected
2026-03-20 20:10:30.174545: ReqId=2290, Code=504, Msg=Not connected
2026-03-20 20:11:00.645389: ReqId=-1, Code=504, Msg=Not connected
2026-03-20 20:11:00.647387: ReqId=2292, Code=504, Msg=Not connected
2026-03-20 20:11:00.648387: ReqId=2291, Code=504, Msg=Not connected
2026-03-20 20:11:00.652387: ReqId=-1, Code=504, Msg=Not connected
2026-03-20 20:11:10.667931: ReqId=2294, Code=504, Msg=Not connected
2026-03-20 20:11:41.147949: ReqId=-1, Code=504, Msg=Not connected
2026-03-20 20:11:51.154029: ReqId=2296, Code=504, Msg=Not connected
2026-03-20 20:12:21.614550: ReqId=-1, Code=504, Msg=Not connected
2026-03-20 20:12:21.614550: ReqId=2298, Code=504, Msg=Not connected
2026-03-20 20:12:21.615549: ReqId=2297, Code=504, Msg=Not connected
2026-03-20 20:12:21.616549: ReqId=-1, Code=504, Msg=Not connected
2026-03-20 20:12:31.618528: ReqId=2300, Code=504, Msg=Not connected
2026-03-20 20:13:02.063887: ReqId=-1, Code=504, Msg=Not connected
2026-03-20 20:13:12.074497: ReqId=2302, Code=504, Msg=Not connected
2026-03-20 20:13:42.483036: ReqId=-1, Code=504, Msg=Not connected
2026-03-20 20:13:42.485035: ReqId=2304, Code=504, Msg=Not connected
2026-03-20 20:13:42.486036: ReqId=2303, Code=504, Msg=Not connected
2026-03-20 20:13:42.487035: ReqId=-1, Code=504, Msg=Not connected
2026-03-20 20:13:52.493359: ReqId=2306, Code=504, Msg=Not connected
2026-03-20 20:14:22.929695: ReqId=-1, Code=504, Msg=Not connected
2026-03-20 20:14:32.957420: ReqId=2308, Code=504, Msg=Not connected
2026-03-20 20:15:03.569991: ReqId=-1, Code=504, Msg=Not connected
2026-03-20 20:15:03.570991: ReqId=2310, Code=504, Msg=Not connected
2026-03-20 20:15:03.571991: ReqId=2309, Code=504, Msg=Not connected
2026-03-20 20:15:03.574992: ReqId=-1, Code=504, Msg=Not connected
2026-03-20 20:15:13.593443: ReqId=2312, Code=504, Msg=Not connected
2026-03-20 20:15:44.202282: ReqId=-1, Code=504, Msg=Not connected
2026-03-20 20:15:54.215602: ReqId=2314, Code=504, Msg=Not connected
2026-03-20 20:16:24.746111: ReqId=-1, Code=504, Msg=Not connected
2026-03-20 20:16:24.748110: ReqId=2316, Code=504, Msg=Not connected
2026-03-20 20:16:24.750110: ReqId=2315, Code=504, Msg=Not connected
2026-03-20 20:16:24.763621: ReqId=-1, Code=504, Msg=Not connected
2026-03-20 20:16:34.796168: ReqId=2318, Code=504, Msg=Not connected
2026-03-20 20:17:05.356667: ReqId=-1, Code=504, Msg=Not connected
2026-03-20 20:17:15.371971: ReqId=2320, Code=504, Msg=Not connected
2026-03-20 20:17:45.889975: ReqId=-1, Code=504, Msg=Not connected
2026-03-20 20:17:45.892975: ReqId=2322, Code=504, Msg=Not connected
2026-03-20 20:17:45.893975: ReqId=2321, Code=504, Msg=Not connected
2026-03-20 20:17:45.894974: ReqId=-1, Code=504, Msg=Not connected
2026-03-20 20:17:55.909784: ReqId=2324, Code=504, Msg=Not connected
2026-03-20 20:18:26.481897: ReqId=-1, Code=504, Msg=Not connected
2026-03-20 20:18:36.496227: ReqId=2326, Code=504, Msg=Not connected
2026-03-20 20:19:07.063371: ReqId=-1, Code=504, Msg=Not connected
2026-03-20 20:19:07.067373: ReqId=2328, Code=504, Msg=Not connected
2026-03-20 20:19:07.068374: ReqId=2327, Code=504, Msg=Not connected
2026-03-20 20:19:07.071373: ReqId=-1, Code=504, Msg=Not connected
2026-03-20 20:19:17.084271: ReqId=2330, Code=504, Msg=Not connected
2026-03-20 20:19:47.646206: ReqId=-1, Code=504, Msg=Not connected
2026-03-20 20:19:57.657586: ReqId=2332, Code=504, Msg=Not connected
2026-03-20 20:20:28.241394: ReqId=-1, Code=504, Msg=Not connected
2026-03-20 20:20:28.243394: ReqId=2334, Code=504, Msg=Not connected
2026-03-20 20:20:28.244394: ReqId=2333, Code=504, Msg=Not connected
2026-03-20 20:20:28.246394: ReqId=-1, Code=504, Msg=Not connected
2026-03-20 20:20:38.257807: ReqId=2336, Code=504, Msg=Not connected
2026-03-20 20:21:08.824740: ReqId=-1, Code=504, Msg=Not connected
2026-03-20 20:21:18.830386: ReqId=2338, Code=504, Msg=Not connected
2026-03-20 20:21:49.380050: ReqId=-1, Code=504, Msg=Not connected
2026-03-20 20:21:49.382050: ReqId=2340, Code=504, Msg=Not connected
2026-03-20 20:21:49.382050: ReqId=2339, Code=504, Msg=Not connected
2026-03-20 20:21:49.394052: ReqId=-1, Code=504, Msg=Not connected
2026-03-20 20:21:59.416108: ReqId=2342, Code=504, Msg=Not connected
2026-03-20 20:22:30.038478: ReqId=-1, Code=504, Msg=Not connected
2026-03-20 20:22:40.053156: ReqId=2344, Code=504, Msg=Not connected
2026-03-20 20:23:10.637386: ReqId=-1, Code=504, Msg=Not connected
2026-03-20 20:23:10.639385: ReqId=2346, Code=504, Msg=Not connected
2026-03-20 20:23:10.641387: ReqId=2345, Code=504, Msg=Not connected
2026-03-20 20:23:10.642387: ReqId=-1, Code=504, Msg=Not connected
2026-03-20 20:23:20.662510: ReqId=2348, Code=504, Msg=Not connected
2026-03-20 20:23:51.283083: ReqId=-1, Code=504, Msg=Not connected
2026-03-20 20:24:01.287150: ReqId=2350, Code=504, Msg=Not connected
2026-03-20 20:24:31.806204: ReqId=-1, Code=504, Msg=Not connected
2026-03-20 20:24:31.808208: ReqId=2352, Code=504, Msg=Not connected
2026-03-20 20:24:31.810207: ReqId=2351, Code=504, Msg=Not connected
2026-03-23 07:49:08.177886: ReqId=-1, Code=2104, Msg=Market data farm connection is OK:hfarm
2026-03-23 07:49:08.179390: ReqId=-1, Code=2104, Msg=Market data farm connection is OK:usfarm.nj
2026-03-23 07:49:08.179390: ReqId=-1, Code=2104, Msg=Market data farm connection is OK:jfarm
2026-03-23 07:49:08.180395: ReqId=-1, Code=2104, Msg=Market data farm connection is OK:usfuture
2026-03-23 07:49:08.180395: ReqId=-1, Code=2104, Msg=Market data farm connection is OK:usopt.nj
2026-03-23 07:49:08.180395: ReqId=-1, Code=2104, Msg=Market data farm connection is OK:cashfarm
2026-03-23 07:49:08.180395: ReqId=-1, Code=2104, Msg=Market data farm connection is OK:eufarmnj
2026-03-23 07:49:08.181397: ReqId=-1, Code=2104, Msg=Market data farm connection is OK:usfarm
2026-03-23 07:49:08.181397: ReqId=-1, Code=2106, Msg=HMDS data farm connection is OK:euhmds
2026-03-23 07:49:08.182396: ReqId=-1, Code=2106, Msg=HMDS data farm connection is OK:fundfarm
2026-03-23 07:49:08.182396: ReqId=-1, Code=2106, Msg=HMDS data farm connection is OK:ushmds
2026-03-23 07:49:08.182396: ReqId=-1, Code=2158, Msg=Sec-def data farm connection is OK:secdefnj
2026-03-23 07:49:11.266233: ReqId=2000, Code=10358, Msg=Fundamentals data is not allowed.
2026-03-23 07:49:11.472206: ReqId=2002, Code=10358, Msg=Fundamentals data is not allowed.
2026-03-23 07:49:11.677616: ReqId=2004, Code=10358, Msg=Fundamentals data is not allowed.
2026-03-23 07:49:11.882596: ReqId=2006, Code=10358, Msg=Fundamentals data is not allowed.
2026-03-23 07:49:12.086668: ReqId=2008, Code=10358, Msg=Fundamentals data is not allowed.
2026-03-23 07:49:12.291744: ReqId=2010, Code=10358, Msg=Fundamentals data is not allowed.
2026-03-23 07:49:12.497532: ReqId=2012, Code=10358, Msg=Fundamentals data is not allowed.
2026-03-23 07:49:12.701813: ReqId=2014, Code=10358, Msg=Fundamentals data is not allowed.
2026-03-23 07:49:12.906446: ReqId=2016, Code=10358, Msg=Fundamentals data is not allowed.
2026-03-23 07:49:13.111202: ReqId=2018, Code=10358, Msg=Fundamentals data is not allowed.
2026-03-23 07:49:13.315530: ReqId=2020, Code=10358, Msg=Fundamentals data is not allowed.
2026-03-23 07:49:13.519485: ReqId=2022, Code=10358, Msg=Fundamentals data is not allowed.
2026-03-23 07:49:13.724311: ReqId=2024, Code=10358, Msg=Fundamentals data is not allowed.
2026-03-23 07:49:13.927534: ReqId=2026, Code=10358, Msg=Fundamentals data is not allowed.
2026-03-23 07:49:14.130973: ReqId=2028, Code=10358, Msg=Fundamentals data is not allowed.
2026-03-23 07:49:14.334424: ReqId=2030, Code=10358, Msg=Fundamentals data is not allowed.
2026-03-23 07:49:14.537609: ReqId=2032, Code=10358, Msg=Fundamentals data is not allowed.
2026-03-23 07:49:14.641688: ReqId=2034, Code=10358, Msg=Fundamentals data is not allowed.
2026-03-23 07:49:14.846192: ReqId=2036, Code=10358, Msg=Fundamentals data is not allowed.
2026-03-23 07:49:15.049673: ReqId=2038, Code=10358, Msg=Fundamentals data is not allowed.
2026-03-23 07:52:06.659263: ReqId=-1, Code=2108, Msg=Market data farm connection is inactive but should be available upon demand.hfarm
2026-03-23 07:52:06.660205: ReqId=-1, Code=2108, Msg=Market data farm connection is inactive but should be available upon demand.hfarm
2026-03-23 07:52:06.667115: ReqId=-1, Code=2108, Msg=Market data farm connection is inactive but should be available upon demand.jfarm
2026-03-23 07:52:06.667923: ReqId=-1, Code=2108, Msg=Market data farm connection is inactive but should be available upon demand.jfarm
2026-03-23 07:52:06.668429: ReqId=-1, Code=2108, Msg=Market data farm connection is inactive but should be available upon demand.usfuture
2026-03-23 07:52:06.670434: ReqId=-1, Code=2108, Msg=Market data farm connection is inactive but should be available upon demand.usfuture
2026-03-23 07:52:06.671434: ReqId=-1, Code=2108, Msg=Market data farm connection is inactive but should be available upon demand.eufarmnj
2026-03-23 07:52:06.672436: ReqId=-1, Code=2108, Msg=Market data farm connection is inactive but should be available upon demand.eufarmnj
2026-03-23 08:00:01.456716: ReqId=2140, Code=10358, Msg=Fundamentals data is not allowed.
2026-03-23 08:00:02.170434: ReqId=2147, Code=10358, Msg=Fundamentals data is not allowed.
2026-03-23 08:00:02.849098: ReqId=2154, Code=10358, Msg=Fundamentals data is not allowed.
2026-03-23 08:10:01.052260: ReqId=2161, Code=10358, Msg=Fundamentals data is not allowed.
2026-03-23 08:10:01.788022: ReqId=2168, Code=10358, Msg=Fundamentals data is not allowed.
2026-03-23 08:10:02.415905: ReqId=2175, Code=10358, Msg=Fundamentals data is not allowed.
2026-03-23 08:10:03.145579: ReqId=2182, Code=10358, Msg=Fundamentals data is not allowed.
2026-03-23 08:10:03.915986: ReqId=2189, Code=10358, Msg=Fundamentals data is not allowed.
2026-03-23 08:20:01.036308: ReqId=2196, Code=10358, Msg=Fundamentals data is not allowed.
2026-03-23 08:20:01.811021: ReqId=2203, Code=10358, Msg=Fundamentals data is not allowed.
2026-03-23 08:20:07.219538: ReqId=2210, Code=10358, Msg=Fundamentals data is not allowed.
2026-03-23 08:20:08.051590: ReqId=2217, Code=10358, Msg=Fundamentals data is not allowed.
2026-03-23 08:50:01.662379: ReqId=2224, Code=10358, Msg=Fundamentals data is not allowed.
2026-03-23 09:00:00.861661: ReqId=2231, Code=10358, Msg=Fundamentals data is not allowed.
2026-03-23 09:00:03.450453: ReqId=2238, Code=10358, Msg=Fundamentals data is not allowed.
2026-03-23 09:00:04.187120: ReqId=2245, Code=10358, Msg=Fundamentals data is not allowed.
2026-03-23 09:00:04.864436: ReqId=2252, Code=10358, Msg=Fundamentals data is not allowed.
2026-03-23 09:20:00.760584: ReqId=2259, Code=10358, Msg=Fundamentals data is not allowed.
2026-03-23 09:20:01.770538: ReqId=2266, Code=10358, Msg=Fundamentals data is not allowed.
2026-03-23 09:30:02.717691: ReqId=2273, Code=10358, Msg=Fundamentals data is not allowed.
2026-03-23 09:40:01.299948: ReqId=2280, Code=10358, Msg=Fundamentals data is not allowed.
2026-03-23 09:40:02.091620: ReqId=2287, Code=10358, Msg=Fundamentals data is not allowed.
2026-03-23 09:40:02.776510: ReqId=2294, Code=10358, Msg=Fundamentals data is not allowed.
2026-03-23 09:40:03.420697: ReqId=2301, Code=10358, Msg=Fundamentals data is not allowed.
2026-03-23 09:40:04.189120: ReqId=2308, Code=10358, Msg=Fundamentals data is not allowed.
2026-03-23 09:50:01.046567: ReqId=2315, Code=10358, Msg=Fundamentals data is not allowed.
2026-03-23 09:50:01.831533: ReqId=2322, Code=10358, Msg=Fundamentals data is not allowed.
2026-03-23 09:50:02.509306: ReqId=2329, Code=10358, Msg=Fundamentals data is not allowed.
2026-03-23 10:00:01.162806: ReqId=2336, Code=10358, Msg=Fundamentals data is not allowed.
2026-03-23 10:00:01.800971: ReqId=2343, Code=10358, Msg=Fundamentals data is not allowed.
2026-03-23 10:00:03.222931: ReqId=2350, Code=10358, Msg=Fundamentals data is not allowed.
2026-03-23 10:00:03.916381: ReqId=2357, Code=10358, Msg=Fundamentals data is not allowed.
2026-03-23 10:00:04.660775: ReqId=2364, Code=10358, Msg=Fundamentals data is not allowed.
2026-03-23 10:00:05.334716: ReqId=2371, Code=10358, Msg=Fundamentals data is not allowed.
2026-03-23 10:10:01.693887: ReqId=2378, Code=10358, Msg=Fundamentals data is not allowed.
2026-03-23 10:20:02.013620: ReqId=2385, Code=10358, Msg=Fundamentals data is not allowed.
2026-03-23 10:30:01.698820: ReqId=2392, Code=10358, Msg=Fundamentals data is not allowed.
2026-03-23 10:30:02.483108: ReqId=2399, Code=10358, Msg=Fundamentals data is not allowed.
2026-03-23 10:40:01.203774: ReqId=2406, Code=10358, Msg=Fundamentals data is not allowed.
2026-03-23 10:40:01.936160: ReqId=2413, Code=10358, Msg=Fundamentals data is not allowed.
2026-03-23 11:00:01.025301: ReqId=2420, Code=10358, Msg=Fundamentals data is not allowed.
2026-03-23 11:10:01.166621: ReqId=2427, Code=10358, Msg=Fundamentals data is not allowed.
2026-03-23 11:20:00.736659: ReqId=2434, Code=10358, Msg=Fundamentals data is not allowed.
2026-03-23 11:30:01.331113: ReqId=2441, Code=10358, Msg=Fundamentals data is not allowed.
2026-03-23 11:30:02.137086: ReqId=2448, Code=10358, Msg=Fundamentals data is not allowed.
2026-03-23 11:40:00.890599: ReqId=2455, Code=10358, Msg=Fundamentals data is not allowed.
2026-03-23 11:40:01.664850: ReqId=2462, Code=10358, Msg=Fundamentals data is not allowed.
2026-03-23 11:50:01.193635: ReqId=2469, Code=10358, Msg=Fundamentals data is not allowed.
2026-03-23 12:00:00.935119: ReqId=2476, Code=10358, Msg=Fundamentals data is not allowed.
2026-03-23 12:00:01.711746: ReqId=2483, Code=10358, Msg=Fundamentals data is not allowed.
2026-03-23 12:10:01.333104: ReqId=2490, Code=10358, Msg=Fundamentals data is not allowed.
2026-03-23 12:20:02.394133: ReqId=2497, Code=10358, Msg=Fundamentals data is not allowed.
2026-03-23 12:20:03.132327: ReqId=2504, Code=10358, Msg=Fundamentals data is not allowed.
2026-03-23 12:20:03.936314: ReqId=2511, Code=10358, Msg=Fundamentals data is not allowed.
2026-03-23 17:06:20.248934: ReqId=-1, Code=2103, Msg=Market data farm connection is broken:cashfarm
2026-03-23 17:06:20.378865: ReqId=-1, Code=2103, Msg=Market data farm connection is broken:usfarm.nj
2026-03-23 17:06:20.473444: ReqId=-1, Code=2105, Msg=HMDS data farm connection is broken:fundfarm
2026-03-23 17:06:20.739633: ReqId=-1, Code=2103, Msg=Market data farm connection is broken:usopt.nj
2026-03-23 17:06:21.443238: ReqId=-1, Code=2103, Msg=Market data farm connection is broken:usfarm
2026-03-23 17:06:21.486699: ReqId=-1, Code=2105, Msg=HMDS data farm connection is broken:ushmds
2026-03-23 17:06:21.545273: ReqId=-1, Code=2105, Msg=HMDS data farm connection is broken:euhmds
2026-03-23 17:06:21.608242: ReqId=-1, Code=2157, Msg=Sec-def data farm connection is broken:secdefnj
2026-03-23 17:06:27.336920: ReqId=-1, Code=1100, Msg=Connectivity between IBKR and Trader Workstation has been lost.
2026-03-23 17:06:30.092024: ReqId=2518, Code=10358, Msg=Fundamentals data is not allowed.
2026-03-23 17:06:34.836055: ReqId=-1, Code=2158, Msg=Sec-def data farm connection is OK:secdefnj
2026-03-23 17:06:34.910817: ReqId=-1, Code=2106, Msg=HMDS data farm connection is OK:ushmds
2026-03-23 17:06:34.912484: ReqId=-1, Code=2106, Msg=HMDS data farm connection is OK:fundfarm
2026-03-23 17:06:35.008948: ReqId=-1, Code=2104, Msg=Market data farm connection is OK:usopt.nj
2026-03-23 17:06:35.022056: ReqId=-1, Code=2104, Msg=Market data farm connection is OK:cashfarm
2026-03-23 17:06:35.378716: ReqId=-1, Code=2104, Msg=Market data farm connection is OK:usfarm
2026-03-23 17:06:35.424740: ReqId=-1, Code=2104, Msg=Market data farm connection is OK:usfarm.nj
2026-03-23 17:06:35.597409: ReqId=-1, Code=2106, Msg=HMDS data farm connection is OK:euhmds
2026-03-23 17:06:36.478691: ReqId=-1, Code=1102, Msg=Connectivity between IBKR and Trader Workstation has been restored - data maintained. All data farms are connected: usfarm.nj; usopt.nj; cashfarm; usfarm; euhmds; fundfarm; ushmds; secdefnj.
2026-03-23 17:06:41.210737: ReqId=2525, Code=10358, Msg=Fundamentals data is not allowed.
2026-03-23 17:06:41.964236: ReqId=2532, Code=10358, Msg=Fundamentals data is not allowed.
2026-03-23 17:06:42.615891: ReqId=2539, Code=10358, Msg=Fundamentals data is not allowed.
2026-03-23 17:06:43.228459: ReqId=2546, Code=10358, Msg=Fundamentals data is not allowed.
2026-03-23 17:06:43.944215: ReqId=2553, Code=10358, Msg=Fundamentals data is not allowed.
2026-03-23 17:06:44.659779: ReqId=2560, Code=10358, Msg=Fundamentals data is not allowed.
2026-03-23 17:06:45.376070: ReqId=2567, Code=10358, Msg=Fundamentals data is not allowed.
2026-03-23 17:06:46.151148: ReqId=2574, Code=10358, Msg=Fundamentals data is not allowed.
2026-03-23 17:06:46.871737: ReqId=2581, Code=10358, Msg=Fundamentals data is not allowed.
2026-03-23 17:06:47.479430: ReqId=2588, Code=10358, Msg=Fundamentals data is not allowed.
2026-03-23 17:06:48.204144: ReqId=2595, Code=10358, Msg=Fundamentals data is not allowed.
2026-03-23 17:06:48.954292: ReqId=2602, Code=10358, Msg=Fundamentals data is not allowed.
2026-03-23 17:06:49.607204: ReqId=2609, Code=10358, Msg=Fundamentals data is not allowed.
2026-03-23 17:06:50.158048: ReqId=2616, Code=10358, Msg=Fundamentals data is not allowed.
2026-03-23 17:06:50.811068: ReqId=2623, Code=10358, Msg=Fundamentals data is not allowed.
2026-03-23 17:06:51.669107: ReqId=2630, Code=10358, Msg=Fundamentals data is not allowed.
2026-03-23 17:06:52.860721: ReqId=2637, Code=10358, Msg=Fundamentals data is not allowed.
2026-03-23 17:06:53.860917: ReqId=2644, Code=10358, Msg=Fundamentals data is not allowed.
2026-03-23 17:10:01.367608: ReqId=2651, Code=10358, Msg=Fundamentals data is not allowed.
2026-03-23 17:10:02.056715: ReqId=2658, Code=10358, Msg=Fundamentals data is not allowed.
2026-03-23 17:10:03.044276: ReqId=2665, Code=10358, Msg=Fundamentals data is not allowed.
2026-03-23 17:10:03.909593: ReqId=2672, Code=10358, Msg=Fundamentals data is not allowed.
2026-03-24 09:53:09.477927: ReqId=-1, Code=2104, Msg=Market data farm connection is OK:hfarm
2026-03-24 09:53:09.478923: ReqId=-1, Code=2104, Msg=Market data farm connection is OK:eufarmnj
2026-03-24 09:53:09.478923: ReqId=-1, Code=2104, Msg=Market data farm connection is OK:cashfarm
2026-03-24 09:53:09.479924: ReqId=-1, Code=2104, Msg=Market data farm connection is OK:usfuture
2026-03-24 09:53:09.479924: ReqId=-1, Code=2104, Msg=Market data farm connection is OK:usopt.nj
2026-03-24 09:53:09.479924: ReqId=-1, Code=2104, Msg=Market data farm connection is OK:jfarm
2026-03-24 09:53:09.479924: ReqId=-1, Code=2104, Msg=Market data farm connection is OK:usfarm.nj
2026-03-24 09:53:09.479924: ReqId=-1, Code=2104, Msg=Market data farm connection is OK:eufarm
2026-03-24 09:53:09.480927: ReqId=-1, Code=2104, Msg=Market data farm connection is OK:usfarm
2026-03-24 09:53:09.480927: ReqId=-1, Code=2106, Msg=HMDS data farm connection is OK:euhmds
2026-03-24 09:53:09.480927: ReqId=-1, Code=2106, Msg=HMDS data farm connection is OK:fundfarm
2026-03-24 09:53:09.480927: ReqId=-1, Code=2106, Msg=HMDS data farm connection is OK:ushmds
2026-03-24 09:53:09.481925: ReqId=-1, Code=2158, Msg=Sec-def data farm connection is OK:secdefnj
2026-03-24 09:53:12.580929: ReqId=2000, Code=10358, Msg=Fundamentals data is not allowed.
2026-03-24 09:53:12.788719: ReqId=2002, Code=10358, Msg=Fundamentals data is not allowed.
2026-03-24 09:53:12.994571: ReqId=2004, Code=10358, Msg=Fundamentals data is not allowed.
2026-03-24 09:53:13.298353: ReqId=2006, Code=10358, Msg=Fundamentals data is not allowed.
2026-03-24 09:53:13.506086: ReqId=2008, Code=10358, Msg=Fundamentals data is not allowed.
2026-03-24 09:53:13.710969: ReqId=2010, Code=10358, Msg=Fundamentals data is not allowed.
2026-03-24 09:53:13.919431: ReqId=2012, Code=10358, Msg=Fundamentals data is not allowed.
2026-03-24 09:53:14.222909: ReqId=2014, Code=10358, Msg=Fundamentals data is not allowed.
2026-03-24 09:53:14.427372: ReqId=2016, Code=10358, Msg=Fundamentals data is not allowed.
2026-03-24 09:53:14.733150: ReqId=2018, Code=10358, Msg=Fundamentals data is not allowed.
2026-03-24 09:53:14.939551: ReqId=2020, Code=10358, Msg=Fundamentals data is not allowed.
2026-03-24 09:53:15.144983: ReqId=2022, Code=10358, Msg=Fundamentals data is not allowed.
2026-03-24 09:53:15.451914: ReqId=2024, Code=10358, Msg=Fundamentals data is not allowed.
2026-03-24 09:53:15.656458: ReqId=2026, Code=10358, Msg=Fundamentals data is not allowed.
2026-03-24 09:53:15.861337: ReqId=2028, Code=10358, Msg=Fundamentals data is not allowed.
2026-03-24 09:53:16.269504: ReqId=2030, Code=10358, Msg=Fundamentals data is not allowed.
2026-03-24 09:53:16.477596: ReqId=2032, Code=10358, Msg=Fundamentals data is not allowed.
2026-03-24 09:53:16.687385: ReqId=2034, Code=10358, Msg=Fundamentals data is not allowed.
2026-03-24 09:53:16.892470: ReqId=2036, Code=10358, Msg=Fundamentals data is not allowed.
2026-03-24 09:53:17.096021: ReqId=2038, Code=10358, Msg=Fundamentals data is not allowed.
2026-03-24 09:55:33.515616: ReqId=-1, Code=2108, Msg=Market data farm connection is inactive but should be available upon demand.hfarm
2026-03-24 09:55:33.519616: ReqId=-1, Code=2108, Msg=Market data farm connection is inactive but should be available upon demand.hfarm
2026-03-24 09:55:33.528616: ReqId=-1, Code=2108, Msg=Market data farm connection is inactive but should be available upon demand.eufarmnj
2026-03-24 09:55:33.531827: ReqId=-1, Code=2108, Msg=Market data farm connection is inactive but should be available upon demand.eufarmnj
2026-03-24 09:55:33.539828: ReqId=-1, Code=2108, Msg=Market data farm connection is inactive but should be available upon demand.usfuture
2026-03-24 09:55:33.540826: ReqId=-1, Code=2108, Msg=Market data farm connection is inactive but should be available upon demand.usfuture
2026-03-24 10:00:01.072322: ReqId=2140, Code=10358, Msg=Fundamentals data is not allowed.
2026-03-24 10:00:01.860895: ReqId=2147, Code=10358, Msg=Fundamentals data is not allowed.
2026-03-24 10:00:02.642052: ReqId=2154, Code=10358, Msg=Fundamentals data is not allowed.
2026-03-24 10:10:00.628711: ReqId=2184, Code=10358, Msg=Fundamentals data is not allowed.
2026-03-24 10:10:08.297141: ReqId=2191, Code=10358, Msg=Fundamentals data is not allowed.
2026-03-24 10:10:09.056447: ReqId=2198, Code=10358, Msg=Fundamentals data is not allowed.
2026-03-24 10:10:09.832892: ReqId=2205, Code=10358, Msg=Fundamentals data is not allowed.
2026-03-24 10:20:01.123990: ReqId=2239, Code=10358, Msg=Fundamentals data is not allowed.
2026-03-24 10:50:01.368880: ReqId=2330, Code=10358, Msg=Fundamentals data is not allowed.
2026-03-24 10:50:02.158643: ReqId=2337, Code=10358, Msg=Fundamentals data is not allowed.
2026-03-24 10:50:02.882149: ReqId=2344, Code=10358, Msg=Fundamentals data is not allowed.
2026-03-24 11:00:01.631070: ReqId=2382, Code=10358, Msg=Fundamentals data is not allowed.
2026-03-24 11:00:02.413597: ReqId=2389, Code=10358, Msg=Fundamentals data is not allowed.
2026-03-24 11:00:03.384132: ReqId=2396, Code=10358, Msg=Fundamentals data is not allowed.
2026-03-24 11:20:01.559545: ReqId=2471, Code=10358, Msg=Fundamentals data is not allowed.
2026-03-24 11:30:01.260745: ReqId=2513, Code=10358, Msg=Fundamentals data is not allowed.
2026-03-24 11:40:01.619874: ReqId=2556, Code=10358, Msg=Fundamentals data is not allowed.
2026-03-24 12:00:03.430528: ReqId=2637, Code=10358, Msg=Fundamentals data is not allowed.
2026-03-24 12:00:04.174951: ReqId=2644, Code=10358, Msg=Fundamentals data is not allowed.
2026-03-24 12:10:01.173412: ReqId=2690, Code=10358, Msg=Fundamentals data is not allowed.
2026-03-24 12:10:01.961841: ReqId=2697, Code=10358, Msg=Fundamentals data is not allowed.
2026-03-24 12:50:01.364629: ReqId=2868, Code=10358, Msg=Fundamentals data is not allowed.
2026-03-24 13:10:01.494807: ReqId=2959, Code=10358, Msg=Fundamentals data is not allowed.
2026-03-24 13:30:00.798852: ReqId=3052, Code=10358, Msg=Fundamentals data is not allowed.
2026-03-24 14:00:00.700723: ReqId=3191, Code=10358, Msg=Fundamentals data is not allowed.
2026-03-24 14:10:00.946644: ReqId=3243, Code=10358, Msg=Fundamentals data is not allowed.
2026-03-24 14:33:59.488171: ReqId=-1, Code=2103, Msg=Market data farm connection is broken:jfarm
2026-03-24 14:34:01.178007: ReqId=-1, Code=2104, Msg=Market data farm connection is OK:jfarm
2026-03-24 14:40:01.057512: ReqId=3388, Code=10358, Msg=Fundamentals data is not allowed.
2026-03-24 15:50:01.316402: ReqId=3724, Code=10358, Msg=Fundamentals data is not allowed.
2026-03-24 16:00:01.491474: ReqId=3779, Code=10358, Msg=Fundamentals data is not allowed.
2026-03-24 16:00:01.602715: ReqId=3780, Code=162, Msg=Historical Market Data Service error message:HMDS query returned no data: HSPTU@SMART Trades
2026-03-24 16:00:35.162900: ReqId=3785, Code=162, Msg=Historical Market Data Service error message:HMDS query returned no data: HSPTU@SMART Trades
2026-03-24 16:10:00.813183: ReqId=3835, Code=10358, Msg=Fundamentals data is not allowed.
2026-03-24 17:09:05.652802: ReqId=-1, Code=2103, Msg=Market data farm connection is broken:cashfarm
2026-03-24 17:09:06.028878: ReqId=-1, Code=2103, Msg=Market data farm connection is broken:cashfarm
2026-03-24 17:09:12.891435: ReqId=-1, Code=2104, Msg=Market data farm connection is OK:cashfarm
